smiles,label,ic50_nM,n_measurements,MW,LogP,HBD,HBA,RotBonds,TPSA,n_violations,passes_filter
Brc1ccc(-n2cc(CSc3nc4ccccc4o3)nn2)cc1,inactive,186110.0,1,385.98,4.46,0,5,4,56.74,0,True
Brc1ccccc1-n1cc(CSc2nc3ccccc3o2)nn1,inactive,38360.0,1,385.98,4.46,0,5,4,56.74,0,True
C#CCCCC(=O)c1cc(C(C)(C)C)c(O)c(C(C)(C)C)c1,active,250.0,3,300.21,4.97,1,2,4,37.3,0,True
C#CCCCC(=O)c1cc(C(C)(C)C)c2c(c1)C(C)(C)CO2,active,60.0,2,298.19,4.64,0,2,4,26.3,0,True
C#Cc1cc(Cl)c2c(c1)C=C(C(=O)O)C(C(F)(F)F)O2,active,140.0,1,302.0,3.11,1,2,1,46.53,0,True
C#Cc1ccc2c(c1)C=C(C(=O)O)C(C(F)(F)F)O2,inactive,94200.0,1,268.03,2.46,1,2,1,46.53,0,True
C/C(=C/Cc1c(O)ccc(C(=O)/C=C/c2ccc(O)cc2)c1O)COC(=O)/C=C/c1ccc(O)cc1,inactive,14000.0,1,486.17,5.15,4,7,9,124.29,1,False
C/C(=C1/SC(N=C(N)N)=NC1=O)c1cc(C(C)(C)C)c(O)c(C(C)(C)C)c1,active,590.0,1,388.19,3.62,3,4,1,114.06,0,True
C/C(=C\Cc1c(O)ccc(C(=O)/C=C/c2ccc(O)cc2)c1O)COC(=O)/C=C/c1ccc(O)cc1,inactive,11700.0,1,486.17,5.15,4,7,9,124.29,1,False
C/C(=C\c1cc(O)cc(O)c1)c1ccc(C(F)(F)F)cc1,active,970.0,1,294.09,4.68,2,2,2,40.46,0,True
C/C(=C\c1ccc(C(F)(F)F)cc1)c1cc(O)cc(O)c1,inactive,10900.0,1,294.09,4.68,2,2,2,40.46,0,True
C/C(=C\c1ccc(C(F)(F)F)cc1)c1ccc(O)cc1,inactive,36300.0,1,278.09,4.97,1,1,2,20.23,0,True
C/C(=C\c1ccc(N(C)C)cc1)c1cc(O)cc(O)c1,inactive,10700.0,1,269.14,3.72,2,3,3,43.7,0,True
C/C(=C\c1cccc(F)c1)c1cc(O)cc(O)c1,inactive,10500.0,1,244.09,3.8,2,2,2,40.46,0,True
C/C(=N\N=C1\CC(C)C(=O)N1C)c1cc2ccccc2oc1=O,inactive,56000.0,1,311.13,2.41,0,5,2,75.24,0,True
C/C(=N\N=C1\CCC(=O)N1C)c1cc2ccccc2oc1=O,inactive,56000.0,1,297.11,2.17,0,5,2,75.24,0,True
C/C=C/[S+]([O-])SC1SC(O)C(C)C1C,active,52.0,1,252.03,2.58,1,4,3,43.29,0,True
C=C(C)C(CC=C(C)C)Cc1c(O)cc(OC)c2c1O[C@H](c1ccc(O)cc1O)CC2=O,active,600.0,1,438.2,5.61,3,6,7,96.22,1,False
C=C(C)[C@H](CC=C(C)C)Cc1c(O)cc(OC)c(C(=O)/C=C/c2ccc(O)cc2O)c1O,active,600.0,1,438.2,5.5,4,6,9,107.22,1,False
C=C1C(=O)C(O)=C[C@@H]2[C@]3(C)CC[C@](C)(C(=O)CO)C[C@@H]3CC[C@]12C,inactive,34000.0,1,332.2,3.36,2,4,2,74.6,0,True
C=C1C(c2ccccc2)=C(c2ccc(S(C)(=O)=O)cc2)C1(C)C,active,120.0,1,324.12,4.6,0,2,3,34.14,0,True
C=C1CC(c2ccc(S(C)(=O)=O)cc2)=C1c1ccccc1,active,540.0,1,296.09,3.96,0,2,3,34.14,0,True
C=C1CC/C=C(\C)C(=O)[C@H](OC(C)=O)[C@@H]2[C@@H]1CC2(C)C,inactive,14000.0,1,276.17,3.45,0,3,1,43.37,0,True
C=C1CCC[C@]2(C)CC[C@@H]([C@@](C)(O)CO)C[C@@]12O,inactive,39000.0,1,254.19,2.01,3,3,2,60.69,0,True
C=CCN(CC=C)C(=O)/C=C/c1c(/C=C/c2ccc(OC)cc2)cc(OC)cc1OC,inactive,34980.0,1,419.21,5.1,0,4,11,48.0,1,False
C=CCOc1c(OC)c(OC)cc2oc(C)cc(=O)c12,inactive,38280.0,1,276.1,2.68,0,5,5,57.9,0,True
C=CCOc1c(OC)cc2oc(C)cc(=O)c2c1O,inactive,26040.0,1,262.08,2.38,1,5,4,68.9,0,True
C=CCOc1cc2oc(C)cc(=O)c2c(O)c1OCC=C,inactive,21570.0,1,288.1,2.94,1,5,6,68.9,0,True
C=CCc1ccc(O)c(OC)c1,inactive,11000.0,1,164.08,2.13,1,2,3,29.46,0,True
C=C[C@@H](O)C#CC#C[C@@H](O)/C=C/CCCCCCCC(=O)OC(C)=O,inactive,73000.0,1,346.18,2.28,2,5,10,83.83,0,True
C=C[C@@H](O)C#CC#C[C@@H](O)/C=C\CCCCCCC,inactive,66000.0,1,260.18,2.82,2,2,8,40.46,0,True
C=C[C@@H]1[C@@H](O)C[C@@H]2[C@]3(CC[C@]4(C)[C@@H]([C@H](C)CCC=C(C)C)CC[C@@]24C)C[C@]13CCC(=O)O,inactive,43700.0,1,442.34,7.01,2,2,8,57.53,1,False
C=C[C@@]1(C)CC=C2C(CCC3[C@](C)(C(=O)NN)CCC[C@@]23C)C1,inactive,18400.0,1,316.25,4.11,2,2,2,55.12,0,True
C=C[C@@]1(C)CC=C2C(CCC3[C@](C)(C(=O)NO)CCC[C@@]23C)C1,inactive,45600.0,1,317.24,4.63,2,2,2,49.33,0,True
C=C[C@@]1(C)CC=C2C(CCC3[C@](C)(C(=O)O)CCC[C@@]23C)C1,inactive,116400.0,1,302.22,5.21,1,1,2,37.3,1,False
C=C[C@@]1(C)CC=C2C(CCC3[C@](C)(C(N)=O)CCC[C@@]23C)C1,inactive,147500.0,1,301.24,4.61,1,1,2,43.09,0,True
C=C[C@@]1(C)CC=C2C(CCC3[C@](C)(CC(=O)O)CCC[C@@]23C)C1,inactive,28100.0,1,316.24,5.6,1,1,3,37.3,1,False
C=C[C@@]1(C)CC=C2C(CCC3[C@](C)(CCC(=O)O)CCC[C@@]23C)C1,inactive,21100.0,1,330.26,5.99,1,1,4,37.3,1,False
C=C[C@@]1(C)CC=C2C(CCC3[C@](C)(CCC/C=C/C(=O)O)CCC[C@@]23C)C1,inactive,32700.0,1,370.29,6.93,1,1,6,37.3,1,False
C=C[C@@]1(C)CC=C2C(CCC3[C@](C)(CCCC(=O)O)CCC[C@@]23C)C1,inactive,34300.0,1,344.27,6.38,1,1,5,37.3,1,False
C=C[C@@]1(C)CC=C2C(CCC3[C@](C)(CCCCC(=O)O)CCC[C@@]23C)C1,inactive,52600.0,1,358.29,6.77,1,1,6,37.3,1,False
C=C[C@@]1(C)CC=C2C(CCC3[C@](C)(CO)CCC[C@@]23C)C1,inactive,791100.0,1,288.25,5.11,1,1,2,20.23,1,False
C=Cc1cc(Cl)cc2c1OC(C(F)(F)F)C(C(=O)O)=C2,active,140.0,1,304.01,3.77,1,2,2,46.53,0,True
C=Cc1csc(Sc2cc3c(cc2NS(C)(=O)=O)COC3=O)n1,inactive,12000.0,1,368.0,2.98,1,7,5,85.36,0,True
CC(/C=C/C=C(\C)C(=O)O)=C\C=C\C=C(C)\C=C\C=C(/C)C(=O)O,inactive,28000.0,1,328.17,4.61,2,2,8,74.6,0,True
CC(=O)/C(=C(\N)c1ccco1)c1ccccc1,inactive,37000.0,1,227.09,2.7,1,3,3,56.23,0,True
CC(=O)/C=C/c1ccc(O)c(O)c1,inactive,22200.0,1,178.06,1.7,2,3,2,57.53,0,True
CC(=O)N/C=C/c1ccc2c(c1)O[C@H](c1ccc(O)c(O)c1)[C@H](NC(C)=O)O2,inactive,78850.0,1,384.13,2.18,4,6,4,117.12,0,True
CC(=O)NCCc1ccc(O)c(O)c1,inactive,18900.0,1,195.09,0.78,3,3,3,69.56,0,True
CC(=O)NC[C@@H](OC[C@H](O)CO)c1ccc(O)c(O)c1,inactive,117000.0,1,285.12,-0.36,5,6,7,119.25,0,True
CC(=O)NC[C@H]1CN(c2ccc(N3CCO[C@@]4(CCCOC4)C3)c(F)c2)C(=O)O1,inactive,30000.0,1,407.19,1.67,1,6,4,80.34,0,True
CC(=O)NS(=O)(=O)c1ccc(-c2c(-c3ccccc3)noc2C)cc1,inactive,100000.0,1,356.08,3.14,1,5,4,89.27,0,True
CC(=O)Nc1c(C#N)cnn1-c1ccc(S(=O)(=O)NC(C)=O)cc1,active,878.8,1,347.07,0.53,2,6,4,133.95,0,True
CC(=O)Nc1ccc(O)cc1,inactive,200000.0,1,151.06,1.35,2,2,1,49.33,0,True
CC(=O)OCC[C@@]1(C)CC=C2C(CCC3[C@](C)(C(=O)O)CCC[C@@]23C)C1,inactive,265700.0,1,362.25,4.97,1,3,4,63.6,0,True
CC(=O)OCc1onc(-c2ccc(Cl)o2)c1-c1ccccc1,inactive,20000.0,3,317.05,4.32,0,5,4,65.47,0,True
CC(=O)Oc1ccccc1C(=O)O,inactive,100000.0,9,180.04,1.31,1,3,2,63.6,0,True
CC(=O)[C@H]1CC[C@]2(C)CC[C@@H]([C@](C)(O)CO)C[C@]12O,inactive,43000.0,1,270.18,1.27,3,4,3,77.76,0,True
CC(=O)c1ccc(-c2ccsc2-c2ccc(F)cc2)cc1,active,750.0,1,296.07,5.42,0,2,3,17.07,1,False
CC(=O)n1nc(-c2ccccc2)cc1-c1cn(-c2ccccc2)nc1-c1ccc(OCc2ccccc2)cc1,inactive,13010.0,1,510.21,7.31,0,4,7,61.94,2,False
CC(C(=O)Nc1c(C#N)cnn1-c1ccc(S(N)(=O)=O)cc1)N1CCOCC1,active,161.06,1,404.13,0.05,2,7,5,143.34,0,True
CC(C(=O)O)c1cc(C(=O)c2ccccc2)ccc1O,active,51.0,1,270.09,2.81,2,3,4,74.6,0,True
CC(C(=O)O)c1ccc(-c2ccccc2)c(F)c1,active,21.0,3,244.09,3.68,1,1,3,37.3,0,True
CC(C(=O)O)c1ccc(C(=O)c2cccs2)cc1,active,560.0,1,260.05,3.17,1,3,4,54.37,0,True
CC(C(=O)O)c1ccc(CC2CCCC2=O)c(-c2ccc(F)cc2)c1,inactive,174000.0,1,340.15,4.59,1,2,5,54.37,0,True
CC(C(=O)O)c1ccc(CC2CCCC2=O)c(-c2ccc(OC(F)(F)F)cc2)c1,inactive,460000.0,1,406.14,5.35,1,3,6,63.6,1,False
CC(C(=O)O)c1ccc(CC2CCCC2=O)c(-c2ccccc2)c1,inactive,54000.0,1,322.16,4.45,1,2,5,54.37,0,True
CC(C(=O)O)c1ccc(CC2CCCC2=O)c(Br)c1,inactive,49000.0,1,324.04,3.55,1,2,4,54.37,0,True
CC(C(=O)O)c1ccc(CC2CCCC2=O)cc1,inactive,23500.0,3,246.13,2.79,1,2,4,54.37,0,True
CC(C(=O)O)c1ccc(CC2CCCC2=O)cc1-c1ccc(F)cc1,inactive,174000.0,1,340.15,4.59,1,2,5,54.37,0,True
CC(C(=O)O)c1ccc(CC2CCCC2=O)cc1-c1ccc(O)cc1,inactive,326000.0,1,338.15,4.16,2,3,5,74.6,0,True
CC(C(=O)O)c1ccc(CC2CCCC2=O)cc1-c1ccc(OC(F)(F)F)cc1,inactive,515000.0,1,406.14,5.35,1,3,6,63.6,1,False
CC(C(=O)O)c1ccc(CC2CCCC2=O)cc1-c1ccccc1,inactive,310000.0,1,322.16,4.45,1,2,5,54.37,0,True
CC(C(=O)O)c1ccc(CC2CCCC2=O)cc1Br,inactive,30150.0,2,324.04,3.55,1,2,4,54.37,0,True
CC(C(=O)O)c1ccc(CC2CCCC2=O)cc1F,inactive,24100.0,2,264.12,2.93,1,2,4,54.37,0,True
CC(C(=O)O)c1ccc(CC2CCCC2=O)cc1I,inactive,270000.0,1,372.02,3.39,1,2,4,54.37,0,True
CC(C(=O)O)c1ccc(CC2CCCC2=O)cc1[N+](=O)[O-],inactive,93000.0,1,291.11,2.69,1,4,5,97.51,0,True
CC(C(=O)O)c1ccc(C[C@H]2CCC[C@@H]2O)cc1-c1ccc(O)cc1,inactive,650000.0,1,340.17,3.95,3,3,5,77.76,0,True
CC(C(=O)O)c1ccc(C[C@H]2CCC[C@@H]2O)cc1F,active,600.0,1,266.13,2.72,2,2,4,57.53,0,True
CC(C(=O)O)c1ccc(C[C@H]2CCC[C@H]2O)cc1-c1ccc(O)cc1,inactive,47000.0,1,340.17,3.95,3,3,5,77.76,0,True
CC(C(=O)O)c1ccc(C[SiH](C)C)cc1,inactive,26000.0,1,222.11,2.44,1,1,4,37.3,0,True
CC(C(=O)O)c1ccc(Cc2ccco2)cc1F,inactive,21600.0,1,248.08,3.2,1,2,4,50.44,0,True
CC(C(=O)O)c1ccc(Cc2cccs2)cc1F,inactive,19900.0,1,264.06,3.67,1,2,4,37.3,0,True
CC(C(=O)O)c1ccc(Cc2ccoc2)cc1F,inactive,30100.0,1,248.08,3.2,1,2,4,50.44,0,True
CC(C(=O)O)c1ccc(NC2CCCC2)cc1F,inactive,15600.0,1,251.13,3.37,2,2,4,49.33,0,True
CC(C(=O)O)c1ccc2c(c1)[nH]c1ccc(Cl)cc12,inactive,13200.0,3,273.06,4.16,2,1,2,53.09,0,True
CC(C(=O)O)c1cccc(C(=O)c2ccccc2)c1,active,8.0,4,254.09,3.11,1,2,4,54.37,0,True
CC(C(=O)O)c1cccc(Oc2ccccc2)c1,active,145.0,1,242.09,3.67,1,2,4,46.53,0,True
CC(C(=O)OCC(CO[N+](=O)[O-])O[N+](=O)[O-])c1ccc(C(=O)c2cccs2)cc1,active,480.0,1,424.06,2.41,0,10,11,148.11,0,True
CC(C(=O)OCC(CO[N+](=O)[O-])O[N+](=O)[O-])c1cccc(C(=O)c2ccccc2)c1,active,580.0,1,418.1,2.35,0,9,11,148.11,0,True
CC(C(=O)OCCO[N+](=O)[O-])c1ccc(C(=O)c2cccs2)cc1,active,580.0,1,349.06,2.83,0,7,8,95.74,0,True
CC(C(=O)OCCO[N+](=O)[O-])c1ccc2c(c1)[nH]c1ccc(Cl)cc12,inactive,110000.0,1,362.07,3.83,1,5,6,94.46,0,True
CC(C(=O)OCCO[N+](=O)[O-])c1cccc(C(=O)c2ccccc2)c1,active,450.0,1,343.11,2.77,0,6,8,95.74,0,True
CC(C)(C)OC1Oc2ccccc2-c2nc(NN)ncc21,active,54.0,1,286.14,2.64,2,6,2,82.29,0,True
CC(C)(C)Oc1nc(-c2ccc(S(C)(=O)=O)cc2)cc(C(F)(F)F)n1,inactive,52000.0,1,374.09,3.74,0,5,3,69.15,0,True
CC(C)(C)c1cc(-c2cccs2)cc2c1OCC2(C)C,active,200.0,1,286.14,5.38,0,2,1,9.23,1,False
CC(C)(C)c1cc(-c2cn3ccsc3n2)cc2c1OCC2(C)C,active,75.0,1,326.15,5.03,0,3,1,26.53,1,False
CC(C)(C)c1cc(-c2csc(N=C(N)N)n2)cc2c1OCC2(C)C,inactive,15000.0,1,344.17,3.68,2,4,2,86.52,0,True
CC(C)(C)c1cc(-c2nnc(N)s2)cc(C(C)(C)C)c1O,active,530.0,1,305.16,4.09,2,5,1,72.03,0,True
CC(C)(C)c1cc(-c2nsc(O)n2)cc(C(C)(C)C)c1O,active,430.0,1,306.14,4.21,2,5,1,66.24,0,True
CC(C)(C)c1cc(/C=C2\CCOC2=O)cc2c1OCC2(C)C,active,45.0,1,300.17,3.98,0,3,1,35.53,0,True
CC(C)(C)c1cc(/C=C2\NC(=S)NC2=O)cc(C(C)(C)C)c1O,active,990.0,1,332.16,3.33,3,3,1,61.36,0,True
CC(C)(C)c1cc(/C=C2\SC(=N)NC2=O)cc(C(C)(C)C)c1O,active,600.0,1,332.16,4.13,3,4,1,73.18,0,True
CC(C)(C)c1cc(/C=C2\SC(N=C(N)N)=NC2=O)cc(C(C)(C)C)c1O,active,250.0,1,374.18,3.23,3,4,1,114.06,0,True
CC(C)(C)c1cc(/C=C\c2cccs2)cc2c1OCC2(C)C,active,20.0,1,312.15,5.89,0,2,2,9.23,1,False
CC(C)(C)c1cc(C(=O)/C=C/CC2CC2)cc2c1OCC2(C)C,active,800.0,1,312.21,5.19,0,2,4,26.3,1,False
CC(C)(C)c1cc(C(=O)CCCC2CC2)cc2c1OCCC2(C)C,inactive,20000.0,1,328.24,5.81,0,2,5,26.3,1,False
CC(C)(C)c1cc(C(=O)CSCC2CC2)cc2c1OCC2(C)C,active,650.0,1,332.18,4.98,0,3,5,26.3,0,True
CC(C)(C)c1cc(C(=O)C[S+]([O-])CC2CC2)cc2c1OCC2(C)C,inactive,20000.0,1,348.18,4.0,0,3,5,49.36,0,True
CC(C)(C)c1cc(C(=O)NC2CC2)cc2c1OCC2(C)C,active,290.0,1,287.19,3.55,1,2,2,38.33,0,True
CC(C)(C)c1cc(C(=O)c2ccccc2)cc2c1OCC2(C)C,active,150.0,1,308.18,4.89,0,2,2,26.3,0,True
CC(C)(C)c1cc(C(=O)c2cccs2)cc2c1OCC2(C)C,active,45.0,1,314.13,4.95,0,3,2,26.3,0,True
CC(C)(C)c1cc2c(cc1Cl)C=C(C(=O)O)[C@H](C(F)(F)F)O2,inactive,136000.0,1,334.06,4.43,1,2,1,46.53,0,True
CC(C)(C)c1ccc(-n2cc(CSc3nc4ccccc4o3)nn2)cc1,inactive,154260.0,1,364.14,5.0,0,5,4,56.74,0,True
CC(C)(Cl)CC(=O)c1cc(C(C)(C)C)c2c(c1)C(C)(C)CO2,active,1000.0,1,322.17,5.24,0,2,3,26.3,1,False
CC(C)(O)COc1nc(OCCC(F)(F)F)c(CO)cc1-c1ccc(S(C)(=O)=O)cc1,inactive,90565.0,2,463.13,3.13,2,7,9,105.95,0,True
CC(C)(O)COc1nc(OCCCC(F)(F)F)c(CO)cc1-c1ccc(S(C)(=O)=O)cc1,inactive,21800.0,1,477.14,3.52,2,7,10,105.95,0,True
CC(C)(O)CSc1ncc(C(F)(F)F)cc1-c1ccc(S(C)(=O)=O)cc1,inactive,39000.0,1,405.07,4.03,1,5,5,67.26,0,True
CC(C)(O)[C@H](O)Cc1cc(/C=C/c2cc(O)cc(O)c2)ccc1O,active,480.0,1,330.15,2.65,5,5,5,101.15,0,True
CC(C)(Oc1ccc(C(=O)c2ccc(Cl)cc2)cc1)C(=O)O,inactive,950000.0,1,318.07,3.81,1,3,5,63.6,0,True
CC(C)=CCC/C(C)=C/CC1=CC(=O)C=C(C)C1=O,inactive,64300.0,1,258.16,4.09,0,2,5,34.14,0,True
CC(C)=CCC/C(C)=C\CC1=CC(=O)C=C(C)C1=O,inactive,64000.0,1,258.16,4.09,0,2,5,34.14,0,True
CC(C)=CCC12Oc3cc(O)c(C4=CC5(C)CC(C4)c4ccc(O)cc4O5)c(O)c3C(=O)C1(O)Oc1cc(O)ccc12,inactive,42000.0,1,570.19,5.53,5,9,3,145.91,2,False
CC(C)=CCC12Oc3cc(O)ccc3C1(O)Oc1cc(O)c([C@H]3C=C(C)C[C@@H](c4ccc(O)cc4O)[C@@H]3C(=O)c3ccc(O)cc3O)c(O)c1C2=O,inactive,59000.0,1,708.22,6.25,8,12,6,214.44,4,False
CC(C)=CCOc1cc2oc(C)cc(=O)c2c(O)c1OCC=C(C)C,inactive,17170.0,1,344.16,4.5,1,5,6,68.9,0,True
CC(C)=CCc1c(-c2ccc(O)cc2O)oc2c(CC=C(C)C)c(O)cc(O)c2c1=O,inactive,62000.0,1,422.17,5.3,4,6,5,111.13,1,False
CC(C)=CCc1c(-c2ccc(O)cc2O)oc2c3c(cc(O)c2c1=O)OC(C)(C)C=C3,inactive,100000.0,1,420.16,5.27,3,6,3,100.13,1,False
CC(C)=CCc1c(O)cc2oc3cc(O)c(O)c(CC=C(C)C)c3c(=O)c2c1O,active,800.0,1,396.16,4.79,4,6,4,111.13,0,True
CC(C)=CCc1c(O)ccc2ccc(=O)oc12,inactive,64000.0,1,230.09,3.01,1,3,2,50.44,0,True
CC(C)=CCc1cc(/C=C/c2cc(O)cc(O)c2)ccc1O,active,610.0,1,296.14,4.48,3,3,4,60.69,0,True
CC(C)C(=O)c1c(O)c([C@H](C2=C(O)C(C)(C)C(=O)C(C)(C)C2=O)C(C)C)c(O)c([C@H](C2=C(O)C(C)(C)C(=O)C(C)(C)C2=O)C(C)C)c1O,inactive,17000.0,1,668.36,7.15,5,10,8,186.5,2,False
CC(C)CCCC(=O)c1cc(C(C)(C)C)c2c(c1)C(C)(C)CO2,inactive,15000.0,1,316.24,5.66,0,2,5,26.3,1,False
CC(C)CCc1cc2c(cc1Cl)C=C(C(=O)O)[C@@H](C(F)(F)F)O2,inactive,41600.0,1,348.07,4.72,1,2,4,46.53,0,True
CC(C)CN(C)c1cc2c(cc1Cl)C=C(C(=O)O)[C@@H](C(F)(F)F)O2,inactive,100000.0,1,363.08,4.22,1,3,4,49.77,0,True
CC(C)CN(C)c1cc2c(cc1Cl)C=C(C(=O)O)[C@H](C(F)(F)F)O2,inactive,15800.0,1,363.08,4.22,1,3,4,49.77,0,True
CC(C)COc1c(Cl)cc2c(c1Cl)O[C@@H](C(F)(F)F)C(C(=O)O)=C2,active,2.0,1,384.01,4.82,1,3,4,55.76,0,True
CC(C)CSc1cc2c(cc1Cl)C=C(C(=O)O)[C@@H](C(F)(F)F)O2,inactive,22600.0,1,366.03,4.88,1,3,4,46.53,0,True
CC(C)Cc1cc2c(cc1Cl)C=C(C(=O)O)[C@@H](C(F)(F)F)O2,inactive,100000.0,1,334.06,4.33,1,2,3,46.53,0,True
CC(C)Cc1cc2c(cc1Cl)C=C(C(=O)O)[C@H](C(F)(F)F)O2,active,350.0,1,334.06,4.33,1,2,3,46.53,0,True
CC(C)Cc1ccc(-c2cc(Cl)cc3c2OC(C(F)(F)F)C(C(=O)O)=C3)cc1,inactive,26500.0,1,410.09,6.0,1,2,4,46.53,1,False
CC(C)Cc1ccc([C@H](C)C(=O)O)cc1,active,105.0,3,206.13,3.07,1,1,4,37.3,0,True
CC(C)Cc1ccc([C@H](CF)C(=O)O)cc1,active,1.23,1,224.12,3.02,1,1,5,37.3,0,True
CC(C)N(C)Cc1cc2c(cc1Cl)C=C(C(=O)O)C(C(F)(F)F)O2,inactive,100000.0,1,363.08,3.97,1,3,4,49.77,0,True
CC(C)N(c1cc2c(cc1Cl)C=C(C(=O)O)C(C(F)(F)F)O2)C(C)C,inactive,100000.0,1,377.1,4.75,1,3,4,49.77,0,True
CC(C)Oc1nc(-c2ccc(S(C)(=O)=O)cc2)cc(C(F)(F)F)n1,inactive,52556.0,1,360.08,3.35,0,5,4,69.15,0,True
CC(C)S(=O)(=O)c1c(O)n(Cc2ccc(F)c(F)c2)c(=O)c2ccccc12,active,570.0,1,393.08,3.22,1,4,4,76.37,0,True
CC(C)S(=O)(=O)c1c(O)n(Cc2ccc(F)cc2)c(=O)c2ccccc12,active,250.0,1,375.09,3.08,1,4,4,76.37,0,True
CC(C)S(=O)(=O)c1c(O)n(Cc2ccccc2)c(=O)c2ccccc12,active,340.0,1,357.1,2.94,1,4,4,76.37,0,True
CC(C)Sc1nnc(-c2cc(C(C)(C)C)c(O)c(C(C)(C)C)c2)s1,inactive,13600.0,1,364.16,6.01,1,5,3,46.01,1,False
CC(C)c1cc(-c2ccc(S(N)(=O)=O)cc2)c(-c2ccc(F)cc2)s1,active,230.0,1,375.08,4.99,1,3,4,60.16,0,True
CC(C)c1ccc(NC(=O)Oc2ccc(/N=N/c3ccc(S(N)(=O)=O)cc3)cc2OC(=O)Nc2ccc(C(C)C)cc2)cc1,inactive,26260.0,1,615.22,8.22,3,8,9,161.54,2,False
CC(C)c1nc(C2CCCCC2)c(-c2ccc(S(N)(=O)=O)c(F)c2)o1,inactive,29700.0,1,366.14,4.3,1,4,4,86.19,0,True
CC(C)c1nc2sc(-c3ccc(S(C)(=O)=O)cc3)c(-c3ccccc3)n2n1,active,600.0,1,397.09,4.65,0,5,4,64.33,0,True
CC(C)c1ncc(-c2ccc(S(C)(=O)=O)cc2)c(-c2ccc(F)cc2)n1,inactive,10000.0,1,370.12,4.48,0,4,4,59.92,0,True
CC(C1CC1)n1ncc(-c2ccc(S(C)(=O)=O)cc2)c(-c2ccc(F)cc2)c1=O,inactive,10000.0,1,412.13,4.09,0,4,5,69.03,0,True
CC(COC(=O)C(C)c1ccc(C(=O)c2cccs2)cc1)O[N+](=O)[O-],active,570.0,1,363.08,3.22,0,7,8,95.74,0,True
CC(COC(=O)C(C)c1ccc2c(c1)[nH]c1ccc(Cl)cc12)O[N+](=O)[O-],inactive,123000.0,1,376.08,4.22,1,5,6,94.46,0,True
CC(COC(=O)C(C)c1cccc(C(=O)c2ccccc2)c1)O[N+](=O)[O-],active,600.0,1,357.12,3.16,0,6,8,95.74,0,True
CC(Cl)C(=O)Nc1c(C#N)cnn1-c1ccc(S(N)(=O)=O)cc1,active,506.8,1,353.03,0.96,2,5,4,130.87,0,True
CC(O)CN1c2ccccc2Sc2ccccc21,active,1000.0,1,257.09,3.67,1,3,2,23.47,0,True
CC(OC1=C(c2ccc(S(C)(=O)=O)cc2)C(C)(C)OC1=O)C1CC1,inactive,21250.0,2,350.12,2.95,0,5,5,69.67,0,True
CC(S)CN1c2ccccc2Sc2ccccc21,active,500.0,1,273.06,4.61,1,3,2,3.24,0,True
CC/C(=C\c1cc(O)cc(O)c1)c1ccc(Cl)cc1,inactive,11600.0,1,274.08,4.7,2,2,3,40.46,0,True
CC/C(=C\c1cc(O)cc(O)c1)c1ccc(N(C)C)cc1,inactive,30500.0,1,283.16,4.11,2,3,4,43.7,0,True
CC/C(=C\c1cc(O)cc(O)c1)c1ccc2ccccc2c1,active,170.0,1,290.13,5.2,2,2,3,40.46,1,False
CC/C(=C\c1ccc(C(F)(F)F)cc1)c1cc(O)cc(O)c1,active,990.0,1,308.1,5.07,2,2,3,40.46,1,False
CC/C=C/C/C=C/C/C=C/C/C=C/CC/C=C/COCC(=O)O,inactive,50000.0,1,318.22,5.23,1,2,14,46.53,1,False
CC/C=C/C/C=C/C/C=C/C/C=C/CCSCCCC(=O)O,inactive,81000.0,1,322.2,5.78,1,2,14,37.3,1,False
CC/C=N/c1c(C#N)c2n(c1C(=O)Nc1ccc(Br)cc1)CCC2,inactive,14150.0,1,384.06,4.43,1,3,4,70.18,0,True
CC/C=N/c1c(C#N)c2n(c1C(=O)Nc1ccc(C)cc1)CCC2,inactive,27690.0,1,320.16,3.98,1,3,4,70.18,0,True
CC/C=N/c1c(C#N)c2n(c1C(=O)Nc1ccc(Cl)cc1)CCC2,inactive,15620.0,1,340.11,4.32,1,3,4,70.18,0,True
CC/C=N/c1c(C#N)c2n(c1C(=O)Nc1ccccc1)CCCC2,inactive,27220.0,1,320.16,4.06,1,3,4,70.18,0,True
CC1(C)C(=O)C(c2ccc(F)cc2)=C1c1ccc(S(C)(=O)=O)cc1,active,370.0,1,344.09,3.75,0,3,3,51.21,0,True
CC1(C)C(c2ccc(S(C)(=O)=O)cc2)=C(c2ccccc2)/C1=N/O,inactive,34000.0,1,341.11,3.87,1,4,3,66.73,0,True
CC1(C)C(c2ccc(S(C)(=O)=O)cc2)=C(c2ccccc2)C1O,inactive,45000.0,1,328.11,3.4,1,3,3,54.37,0,True
CC1(C)CC(c2cc(C(C)(C)C)c3c(c2)C(C)(C)CO3)=NO1,active,70.0,1,301.2,4.56,0,3,1,30.82,0,True
CC1(C)CC(c2ccc(Cl)cc2)C(CN2CCC(c3noc4cc(F)ccc34)CC2)=NO1,inactive,40100.0,1,455.18,6.14,0,5,4,50.86,1,False
CC1(C)CC(c2ccc(Cl)cc2)C(Cn2c3ccccc3c3ccccc32)=NO1,inactive,40800.0,1,402.15,6.79,0,2,3,26.52,1,False
CC1(C)CC(c2ccc(F)cc2)=C(c2ccc(S(C)(=O)=O)cc2)C1,inactive,18300.0,3,344.12,4.96,0,2,3,34.14,0,True
CC1(C)CC(c2ccccc2)C(CN2CCC(c3noc4cc(F)ccc34)CC2)=NO1,inactive,39800.0,1,421.22,5.49,0,5,4,50.86,1,False
CC1(C)CC(c2ccccc2)C(CN2CCN(c3cccc(Cl)c3Cl)CC2)=NO1,inactive,54900.0,1,431.15,5.45,0,4,4,28.07,1,False
CC1(C)CC[C@]2(C(=O)O)CC[C@]3(C)C(=CC[C@@H]4[C@@]5(C)CC[C@H](O)C(C)(C)[C@@H]5CC[C@]43C)[C@@H]2C1,inactive,380000.0,2,456.36,7.23,2,2,1,57.53,1,False
CC1(C)COc2ccc(C(=O)CCCC3CC3)cc21,inactive,25000.0,1,258.16,4.12,0,2,5,26.3,0,True
CC1(C)Cc2c(-c3ccccc3)c(-c3ccc(Cl)cc3)c(CC(=O)O)n2C1,active,505.0,4,379.13,5.68,1,1,4,42.23,1,False
CC1(C)Cc2c(-c3ccccc3)c(-c3ccc(Cl)s3)c(CC(=O)O)n2C1,active,210.0,1,385.09,5.75,1,2,4,42.23,1,False
CC1(C)Cc2c(-c3ccccc3)c(-c3ccco3)c(CC(=O)O)n2C1,active,130.0,1,335.15,4.62,1,2,4,55.37,0,True
CC1(C)Cc2c(-c3ccccc3)c(-c3ccsc3)c(CC(=O)O)n2C1,active,60.0,1,351.13,5.09,1,2,4,42.23,1,False
CC1(C)Cc2c(-c3ccccc3)c(-c3occ4ccccc34)c(CC(=O)O)n2C1,active,20.0,1,385.17,5.78,1,2,4,55.37,1,False
CC1(C)Cn2c(CC(=O)O)c(-c3ccc(Cl)cc3)c(-c3ccccc3)c2C1=O,active,46.0,1,393.11,5.33,1,2,4,59.3,1,False
CC1(C)OC(=O)C(OC2CCC2)=C1c1ccc(S(C)(=O)=O)cc1,inactive,30000.0,1,336.1,2.71,0,5,4,69.67,0,True
CC1(C)OC(=O)C(OCC2CC2)=C1c1ccc(S(C)(=O)=O)cc1,inactive,25000.0,1,336.1,2.56,0,5,5,69.67,0,True
CC1(C)OC(=O)C(Oc2ccc3[nH]ccc3c2)=C1c1ccc(S(C)(=O)=O)cc1,active,1000.0,1,397.1,3.7,1,5,4,85.46,0,True
CC1(C)OC(=O)C(Oc2cccc(F)c2)=C1c1ccc(S(C)(=O)=O)cc1,inactive,12050.0,2,376.08,3.35,0,5,4,69.67,0,True
CC1(C)OC(=O)C(Oc2ncc(Cl)cc2Cl)=C1c1ccc(S(C)(=O)=O)cc1,active,300.0,1,427.0,3.92,0,6,4,82.56,0,True
CC1(C)OC(=O)C(Oc2ncccc2Cl)=C1c1ccc(S(C)(=O)=O)cc1,active,1000.0,1,393.04,3.26,0,6,4,82.56,0,True
CC1(C)OC(=O)C(Sc2ccccc2)=C1c1ccc(S(C)(=O)=O)cc1,inactive,58000.0,1,374.06,3.93,0,5,4,60.44,0,True
CC1(C)OC(=O)C(c2cccc(F)c2)=C1c1ccc(S(C)(=O)=O)cc1,inactive,14000.0,1,360.08,3.48,0,4,3,60.44,0,True
CC1(C)Oc2cc(C#Cc3cc(Cl)ccc3F)ccc2-c2[nH]c(-c3c(F)cccc3Cl)nc21,active,60.0,1,480.06,7.36,1,2,1,37.91,1,False
CC1(O)OC(=O)C(c2ccc(Br)cc2)=C1c1ccc(S(C)(=O)=O)cc1,inactive,101000.0,1,421.98,3.03,1,5,3,80.67,0,True
CC1(O)OC(=O)C(c2ccc(Cl)c(Cl)c2)=C1c1ccc(S(C)(=O)=O)cc1,inactive,55000.0,2,411.99,3.57,1,5,3,80.67,0,True
CC1(O)OC(=O)C(c2ccc(Cl)cc2)=C1c1ccc(S(C)(=O)=O)cc1,inactive,105000.0,1,378.03,2.92,1,5,3,80.67,0,True
CC1(O)OC(=O)C(c2ccc(F)c(Cl)c2)=C1c1ccc(S(C)(=O)=O)cc1,inactive,81000.0,1,396.02,3.06,1,5,3,80.67,0,True
CC1(O)OC(=O)C(c2ccc3ccccc3c2)=C1c1ccc(S(C)(=O)=O)cc1,inactive,30000.0,1,394.09,3.42,1,5,3,80.67,0,True
CC1=C/C(=C2\C(=O)N(c3ccccc3)N=C2C)OC(=O)N1c1ccc(C)cc1,inactive,91200.0,1,373.14,4.53,0,4,2,62.21,0,True
CC1=C/C(=C2\C(=O)N(c3ccccc3)N=C2C)OC(=O)N1c1ccc(Cl)cc1,inactive,251000.0,1,393.09,4.88,0,4,2,62.21,0,True
CC1=C/C(=C2\C(=O)N(c3ccccc3)N=C2C)OC(=O)N1c1ccccc1,inactive,79400.0,1,359.13,4.22,0,4,2,62.21,0,True
CC1=CC/C(=N/N=C(\C)c2cc3ccccc3oc2=O)N1C,inactive,56000.0,1,295.13,3.15,0,4,2,58.17,0,True
CC1=NN(C(=O)c2ccccc2O)C(=O)C1,active,82.1,1,218.07,1.14,1,4,1,69.97,0,True
CC1C(c2ccccc2)=C(c2ccc(S(C)(=O)=O)cc2)ON1C,inactive,258110.0,1,329.11,3.22,0,4,3,46.61,0,True
CC1CCC(C)N1Cc1cc2c(cc1Cl)C=C(C(=O)O)C(C(F)(F)F)O2,inactive,100000.0,1,389.1,4.5,1,3,3,49.77,0,True
CC1CCCC(C)N1Cc1cc2c(cc1Cl)C=C(C(=O)O)C(C(F)(F)F)O2,inactive,100000.0,1,403.12,4.89,1,3,3,49.77,0,True
CC1CCN([C@H](c2ccc(F)cc2)c2ccc([C@@H](C)C(=O)O)cc2-c2ccc(C(F)(F)F)cc2)CC1,inactive,35000.0,1,499.21,7.52,1,2,6,40.54,1,False
CC1N(C(=O)Nc2ccccn2)C(=O)c2ccccc2S1(=O)=O,inactive,100000.0,1,331.06,1.89,1,5,1,96.44,0,True
CC1NC(=O)c2ccccc2S1(=O)=O,inactive,273400.0,1,211.03,0.55,1,3,0,63.24,0,True
CCC(C(=O)N1CCN(c2ccccc2)CC1)n1sc2nc(C)cc(C)c2c1=O,inactive,145819.215,2,410.18,3.37,0,5,4,58.44,0,True
CCC(C)Nc1nc(-c2ccc(S(C)(=O)=O)cc2)cc(C(F)(F)F)n1,inactive,62000.0,1,373.11,3.78,1,5,5,71.95,0,True
CCC(C)OC1=C(c2ccc(S(C)(=O)=O)cc2)C(C)(C)OC1=O,inactive,10000.0,1,338.12,2.95,0,5,5,69.67,0,True
CCC(CC)OC1=C(c2ccc(S(C)(=O)=O)cc2)C(C)(C)OC1=O,inactive,39000.0,1,352.13,3.34,0,5,6,69.67,0,True
CCC1(C)COc2ccc(C(=O)CCCC3CC3)cc21,inactive,20000.0,1,272.18,4.51,0,2,6,26.3,0,True
CCC1SCC(=O)N1c1c(C#N)c2n(c1C(=O)Nc1ccccc1)CCC2,inactive,43720.0,1,380.13,3.37,1,4,4,78.13,0,True
CCC1SCC(=O)N1c1c(C#N)c2n(c1C(=O)Nc1ccccc1)CCCC2,inactive,65390.0,1,394.15,3.76,1,4,4,78.13,0,True
CCCC(=O)c1cc(C(C)(C)C)c2c(c1)C(C)(C)CO2,active,95.0,2,274.19,4.64,0,2,3,26.3,0,True
CCCCC(=O)c1cc(C(C)(C)C)c2c(c1)C(C)(C)CCS2,active,400.0,1,318.2,6.13,0,2,4,17.07,1,False
CCCCC/C=C\C/C=C\CCCCCCCC(=O)O,inactive,13000.0,1,280.24,5.88,1,1,14,37.3,1,False
CCCCC1SC(c2cccc(Oc3ccc(Cl)cc3)c2)N(CCCCc2ccc(C(=O)OC)cc2)C1=O,inactive,34400.0,1,551.19,8.07,0,5,12,55.84,2,False
CCCCCCCCCCCCCCCc1cccc(O)c1CSc1nc2cc(OC)ccc2[nH]1,inactive,384000.0,2,496.31,9.2,2,4,18,58.14,1,False
CCCCCCCCc1ccc(O)cc1,inactive,10319.0,1,206.17,4.3,1,1,7,20.23,0,True
CCCCCCNC(=O)/C=C/c1c(/C=C/c2ccc(OC)cc2)cc(OC)cc1OC,inactive,34680.0,1,423.24,5.59,1,4,12,56.79,1,False
CCCCCCc1ccc(-c2ccc(O)c(OC)c2)o1,inactive,62000.0,1,274.16,4.78,1,3,7,42.6,0,True
CCCCC[C@H](O)CC(=O)CCc1ccc(O)c(OC)c1,inactive,129000.0,1,294.18,3.23,2,4,10,66.76,0,True
CCCCNc1nc(-c2ccc(S(N)(=O)=O)cc2)cc(C(F)(F)F)n1,active,700.0,1,374.1,3.02,2,5,6,97.97,0,True
CCCCOc1nc(-c2ccc(F)cc2)c(-c2ccc(S(C)(=O)=O)cc2)cc1CO,active,511.0,1,429.14,4.63,1,5,8,76.49,0,True
CCCCOc1nc(-c2ccc(S(C)(=O)=O)cc2)cc(C(F)(F)F)n1,inactive,17410.0,1,374.09,3.74,0,5,6,69.15,0,True
CCCCOc1nc(OCC(C)(C)O)c(-c2ccc(S(C)(=O)=O)cc2)cc1CO,inactive,14100.0,1,423.17,2.97,2,7,10,105.95,0,True
CCCCn1c(C)c2c(c1C)C(=O)N(CN1CCN(S(C)(=O)=O)CC1)C2=O,inactive,166300.0,1,396.18,1.04,0,5,6,82.93,0,True
CCCCn1c(C)c2c(c1C)C(=O)N(CN1CCN(c3ccc(F)cc3F)CC1)C2=O,inactive,103000.0,1,430.22,3.56,0,4,6,48.79,0,True
CCCCn1c(C)c2c(c1C)C(=O)N(CN1CCN(c3ccccc3)CC1)C2=O,inactive,124400.0,1,394.24,3.28,0,4,6,48.79,0,True
CCCCn1c(C)c2c(c1C)C(=O)N(CN1CCN(c3ccccc3Cl)CC1)C2=O,inactive,99600.0,1,428.2,3.93,0,4,6,48.79,0,True
CCCCn1c(C)c2c(c1C)C(=O)N(CN1CCN(c3ccccc3F)CC1)C2=O,inactive,104400.0,1,412.23,3.42,0,4,6,48.79,0,True
CCCCn1c(C)c2c(c1C)C(=O)N(CN1CCN(c3ccccc3OC)CC1)C2=O,inactive,104300.0,1,424.25,3.29,0,5,7,58.02,0,True
CCCN(CCC)C(=O)/C=C/c1c(/C=C/c2ccc(OC)cc2)cc(OC)cc1OC,inactive,45880.0,1,423.24,5.54,0,4,11,48.0,1,False
CCCNC(=O)c1cc(C(C)(C)C)c2c(c1)C(C)(C)CO2,active,550.0,1,289.2,3.79,1,2,3,38.33,0,True
CCCOCCc1cc(-c2ccc(S(C)(=O)=O)cc2)n(-c2ccccc2)c1C,inactive,86000.0,1,397.17,4.83,0,3,8,48.3,0,True
CCCOc1nc(OCC(C)(C)O)c(-c2ccc(S(C)(=O)=O)cc2)cc1CO,inactive,193000.0,1,409.16,2.58,2,7,9,105.95,0,True
CCCS(=O)(=O)Nc1ccncc1Oc1ccccc1,inactive,18360.0,1,292.09,3.03,1,4,6,68.29,0,True
CCCc1cc(OC(F)(F)F)cc2c1O[C@@H](C(F)(F)F)C(C(=O)O)=C2,inactive,100000.0,1,370.06,4.33,1,3,4,55.76,0,True
CCCc1cc(OC(F)(F)F)cc2c1O[C@H](C(F)(F)F)C(C(=O)O)=C2,inactive,71700.0,1,370.06,4.33,1,3,4,55.76,0,True
CCCc1cc2c(cc1Cl)C=C(C(=O)O)[C@H](C(F)(F)F)O2,active,440.0,1,320.04,4.08,1,2,3,46.53,0,True
CCN(C)Cc1cc2c(cc1Cl)C=C(C(=O)O)C(C(F)(F)F)O2,inactive,100000.0,1,349.07,3.58,1,3,4,49.77,0,True
CCN(CC)CCOc1ccc(/C(=C(/Cl)c2ccccc2)c2ccccc2)cc1,active,346.0,1,405.19,6.56,0,2,9,12.47,1,False
CCN1C(C)=CC/C1=N/N=C(\C)c1cc2ccccc2oc1=O,inactive,56000.0,1,309.15,3.54,0,4,3,58.17,0,True
CCNC(=O)/C=C/c1c(/C=C/c2ccc(OC)cc2)cc(OC)cc1OC,inactive,35360.0,1,367.18,4.03,1,4,8,56.79,0,True
CCNC(=O)c1cc(C(C)(C)C)c2c(c1)C(C)(C)CO2,inactive,20000.0,1,275.19,3.4,1,2,2,38.33,0,True
CCOC(=O)C(O)c1cc(-c2ccc(S(C)(=O)=O)cc2)n(-c2cccc(F)c2)c1C,inactive,21300.0,1,431.12,3.59,1,5,6,85.6,0,True
CCOC(=O)C1=C(C)N(CC)/C(=N\N=C(/C)c2cc3ccccc3oc2=O)C1,inactive,56000.0,1,381.17,3.48,0,6,5,84.47,0,True
CCOC(=O)C1=C(N)N2C(=O)CCC(=O)N2C1c1ccccc1O,active,88.1,1,331.12,0.55,2,6,3,113.17,0,True
CCOC(=O)C1=C(N)n2c(=O)c3ncccc3c(=O)n2C1c1ccccc1O,active,66.7,1,380.11,0.56,2,7,3,129.44,0,True
CCOC(=O)C1=C(N)n2c(=O)ccc(=O)n2C1c1ccccc1O,active,74.4,1,329.1,0.01,2,6,3,116.55,0,True
CCOC(=O)C1CCN(C(=O)CCc2cc(-c3ccc(C)cc3)n(-c3ccc4ccccc4n3)n2)CC1,active,900.0,1,496.25,5.13,0,5,7,77.32,1,False
CCOC(=O)C1CCN(C(=O)Nc2cc(-c3ccccc3)n(-c3ccc(S(N)(=O)=O)cc3)n2)CC1,inactive,10100.0,1,497.17,2.99,2,6,6,136.62,0,True
CCOC(=O)C1CCN(C(=O)c2cc(-c3ccccc3)n(-c3ccc(S(N)(=O)=O)cc3)n2)CC1,inactive,11740.0,1,482.16,2.6,1,6,6,124.59,0,True
CCOC(=O)Cc1cc(-c2ccc(S(C)(=O)=O)cc2)n(-c2cccc(F)c2)c1C,inactive,20400.0,1,415.13,4.1,0,4,6,65.37,0,True
CCOC(=O)NS(=O)(=O)c1ccc(-n2nc(C(F)(F)F)cc2-c2ccc(C)cc2)cc1,active,35.0,1,453.1,4.3,1,5,5,90.29,0,True
CCOC(=O)c1c(-c2ccc(OC)cc2)nc2c(/N=N/c3ccc(O)cc3)c(N)nn2c1C,active,476.45,1,446.17,4.59,2,9,6,136.69,0,True
CCOC(=O)c1cn(-c2cc(C#N)ccc2O)cc(Oc2ccccc2)c1=O,inactive,12220.0,1,376.11,3.38,1,6,5,101.55,0,True
CCOC1(C)OC(=O)C(c2ccc(F)cc2)=C1c1ccc(S(C)(=O)=O)cc1,inactive,10000.0,1,390.09,3.45,0,5,5,69.67,0,True
CCOc1c(/C=C/C(=O)c2ccccc2)cnn(C)c1=O,inactive,48500.0,1,284.12,2.08,0,4,5,61.19,0,True
CCOc1cc(/C=N/c2ccc(S(N)(=O)=O)cc2)ccc1O,inactive,47910.0,1,320.08,2.19,2,5,5,101.98,0,True
CCOc1ccc(-c2c(Cl)ncn2-c2ccc(S(N)(=O)=O)cc2)cc1Cl,inactive,15500.0,1,411.02,3.89,1,4,5,87.21,0,True
CCOc1ccc(-c2c(Cl)ncn2-c2ccc(S(N)(=O)=O)cc2)cc1F,inactive,76000.0,1,395.05,3.38,1,4,5,87.21,0,True
CCOc1ccc(-c2cc(C(=O)N/N=C/c3c(Cl)c4ccccc4oc3=O)nn2-c2ccc(S(N)(=O)=O)cc2)cc1,inactive,78540.0,1,591.1,4.11,2,8,8,158.88,1,False
CCOc1ccc(-c2cc(C(F)(F)F)nn2-c2ccc(S(N)(=O)=O)cc2)cc1,inactive,28200.0,1,411.09,3.6,1,4,5,87.21,0,True
CCOc1ccc(-c2cc(Cl)cc3c2OC(C(F)(F)F)C(C(=O)O)=C3)cc1,inactive,32000.0,1,398.05,5.2,1,3,4,55.76,1,False
CCOc1ccc(-c2ccc(Cn3c(CC(C)(C)C(=O)O)c(SC(C)(C)C)c4cc(OCc5ccc(C)cn5)ccc43)cc2)cn1,inactive,58000.0,1,637.3,8.98,1,6,12,86.47,2,False
CCOc1ccc(-n2cc(CSc3nc4ccccc4o3)nn2)cc1,inactive,163240.0,1,352.1,4.1,0,6,6,65.97,0,True
CCOc1cccc(-c2ccc(Cn3c(CC(C)(C)C(=O)O)c(SC(C)(C)C)c4cc(OCc5ccc(C)cn5)ccc43)cc2)n1,active,620.0,1,637.3,8.98,1,6,12,86.47,2,False
CCOc1ccccc1N1CCN(CN2C(=O)c3c(c(C)n(-c4ccccc4)c3C)C2=O)CC1,inactive,155300.0,1,458.23,3.87,0,5,6,58.02,0,True
CCOc1ccncc1-c1c(Cl)ncn1-c1ccc(S(C)(=O)=O)cc1,inactive,10800.0,1,377.06,3.39,0,5,5,74.08,0,True
CCS(=O)(=O)c1nc(-c2ccc(Cl)cc2)c(-c2ccc(S(C)(=O)=O)cc2)[nH]1,active,440.0,1,424.03,3.59,1,5,5,96.96,0,True
CCS(=O)(=O)c1nc(-c2ccc(F)cc2)c(-c2ccc(S(C)(=O)=O)cc2)[nH]1,active,400.0,1,408.06,3.08,1,5,5,96.96,0,True
CCS(=O)(=O)c1nc(-c2ccccc2)c(-c2ccc(S(C)(=O)=O)cc2)[nH]1,active,360.0,1,390.07,2.94,1,5,5,96.96,0,True
CCSc1ccc(-c2cc(Cl)cc3c2OC(C(F)(F)F)C(C(=O)O)=C3)cc1,inactive,75900.0,1,414.03,5.91,1,3,4,46.53,1,False
CCSc1nc(-c2ccc(Cl)cc2)c(-c2ccc(S(C)(=O)=O)cc2)[nH]1,active,390.0,1,392.04,4.91,1,4,5,62.82,0,True
CCSc1nc(-c2ccc(F)cc2)c(-c2ccc(S(C)(=O)=O)cc2)[nH]1,active,240.0,1,376.07,4.4,1,4,5,62.82,0,True
CCSc1nc(-c2ccccc2)c(-c2ccc(S(C)(=O)=O)cc2)[nH]1,active,170.0,1,358.08,4.26,1,4,5,62.82,0,True
CCSc1nnc(-c2nc(C(C)(C)C)c(O)c(C(C)(C)C)n2)s1,active,680.0,1,352.14,4.41,1,7,3,71.79,0,True
CC[C@@]1(C)CC=C2C(CCC3[C@](C)(C(=O)O)CCC[C@@]23C)C1,inactive,229000.0,1,304.24,5.43,1,1,2,37.3,1,False
CC[S+]([O-])c1nnc(-c2cc(C(C)(C)C)c(O)c(C(C)(C)C)c2)s1,inactive,14600.0,1,366.14,4.63,1,5,3,69.07,0,True
CCc1c(C(F)(F)F)nn(-c2ccc(S(N)(=O)=O)cc2)c1-c1ccc(Cl)cc1,inactive,29800.0,1,429.05,4.42,1,3,4,77.98,0,True
CCc1c(Cl)ccc2c1C=C(C(=O)O)C(C(F)(F)F)O2,inactive,66700.0,1,306.03,3.69,1,2,2,46.53,0,True
CCc1cc(-c2cc(C(F)(F)F)nn2-c2ccc(S(N)(=O)=O)cc2)ccc1OC,inactive,38000.0,1,425.1,3.78,1,4,5,87.21,0,True
CCc1cc(/C=C/C(N)=O)cc(C(=O)c2ccccc2)c1,active,74.0,1,279.13,2.98,1,2,5,60.16,0,True
CCc1cc(/C=C/S(N)(=O)=O)cc(C(=O)c2ccccc2)c1,inactive,59000.0,2,315.09,2.74,1,3,5,77.23,0,True
CCc1cc(C)c2c(c1)C=C(C(=O)O)C(C(F)(F)F)O2,active,140.0,1,286.08,3.35,1,2,2,46.53,0,True
CCc1cc(OC(F)(F)F)cc2c1OC(C(F)(F)F)C(C(=O)O)=C2,active,500.0,1,356.05,3.94,1,3,3,55.76,0,True
CCc1cc(OC(F)(F)F)cc2c1O[C@@H](C(F)(F)F)C(C(=O)O)=C2,inactive,100000.0,1,356.05,3.94,1,3,3,55.76,0,True
CCc1cc(OC(F)(F)F)cc2c1O[C@H](C(F)(F)F)C(C(=O)O)=C2,inactive,19900.0,1,356.05,3.94,1,3,3,55.76,0,True
CCc1ccc(-c2cc(C(F)(F)F)nn2-c2ccc(S(N)(=O)=O)cc2)cc1,inactive,29000.0,1,395.09,3.77,1,3,4,77.98,0,True
CCc1ccc(-c2cc(Cl)cc3c2OC(C(F)(F)F)C(C(=O)O)=C3)cc1,inactive,17700.0,1,382.06,5.36,1,2,3,46.53,1,False
CCc1ccc(-c2ccc(O)c(OC)c2)o1,inactive,13000.0,1,218.09,3.22,1,3,3,42.6,0,True
CCc1ccc(-c2ncc(Cl)cc2-c2ccc(S(C)(=O)=O)cc2)cn1,inactive,13000.0,1,372.07,4.43,0,4,4,59.92,0,True
CCc1ccc(-n2c(-c3ccc(S(C)(=O)=O)cc3)coc2=O)cc1,inactive,42382.15,2,343.09,3.06,0,4,4,69.28,0,True
CCc1ccc(-n2c(-c3ccc(S(N)(=O)=O)cc3)coc2=O)cc1,inactive,10399.6,2,344.08,2.31,1,4,4,95.3,0,True
CCc1ccc(-n2cc(CSc3nc4ccccc4o3)nn2)cc1,inactive,246200.0,1,336.1,4.26,0,5,5,56.74,0,True
CCc1ccc(/C=C/S(N)(=O)=O)cc1C(=O)c1ccccc1,active,200.0,1,315.09,2.74,1,3,5,77.23,0,True
CCc1ccc(N2C(=O)CS/C2=N/NC(=O)COc2ccc(Cl)cc2Cl)cc1,inactive,113120.0,1,437.04,4.1,1,5,6,71.0,0,True
CCc1ccc2[nH]c(C(=O)c3cc(C)ccn3)c(CC(=O)O)c2c1,inactive,23941.0,2,322.13,3.29,2,3,5,83.05,0,True
CCc1ccc2c(c1)C=C(C(=O)O)C(C(F)(F)F)O2,active,120.0,1,272.07,3.04,1,2,2,46.53,0,True
CCc1cccc(Nc2cnccc2NS(=O)(=O)C(F)(F)F)c1,active,690.0,1,345.08,3.65,2,4,5,71.09,0,True
CCc1cccc(Nc2cnccc2NS(C)(=O)=O)c1,inactive,60390.0,1,291.1,2.76,2,4,5,71.09,0,True
CCc1csc(Sc2cc3c(cc2NS(C)(=O)=O)CCC3=O)n1,inactive,14000.0,1,368.03,3.36,1,6,5,76.13,0,True
CCc1nc(-c2ccc(F)cc2)c(-c2ccc(S(C)(=O)=O)cc2)s1,inactive,19000.0,1,361.06,4.58,0,4,4,47.03,0,True
CCc1nc(C2CCCCC2)c(-c2ccc(S(C)(=O)=O)cc2)o1,inactive,60000.0,1,333.14,4.36,0,4,4,60.17,0,True
CCc1nc(C2CCCCC2)c(-c2ccc(S(N)(=O)=O)c(F)c2)o1,inactive,47000.0,1,352.13,3.74,1,4,4,86.19,0,True
CCc1onc(-c2ccccc2)c1-c1ccccc1,active,50.0,2,249.12,4.57,0,2,3,26.03,0,True
CN(C)c1c(/C=C/C(=O)c2ccccc2)cnn(C)c1=O,inactive,221300.0,1,283.13,1.74,0,4,4,55.2,0,True
CN(C)c1ccc(-c2c(-c3ccc(S(N)(=O)=O)cc3)ccc(F)c2F)cc1Cl,active,588.84,1,422.07,4.67,1,3,4,63.4,0,True
CN(C)c1ccc(-c2cc(F)c(F)cc2-c2ccc(S(N)(=O)=O)cc2)cc1Cl,active,590.0,1,422.07,4.67,1,3,4,63.4,0,True
CN(C)c1ccc(-c2cnnn2-c2ccc(S(C)(=O)=O)cc2)cc1,active,840.0,1,342.12,2.4,0,5,4,68.09,0,True
CN(C)c1ccc(-c2nc(C(F)(F)F)cn2-c2ccc(S(C)(=O)=O)cc2)cc1F,inactive,17100.0,1,427.1,4.17,0,4,4,55.2,0,True
CN(C)c1ccc(-c2nc3c(/N=N/c4ccc(O)cc4)c(N)nn3c(N)c2C#N)cc1,active,169.13,1,413.17,3.62,3,9,4,154.21,0,True
CN(C)c1ccc(/C=C/c2cc(O)cc(O)c2)cc1,inactive,17800.0,1,255.13,3.33,2,3,3,43.7,0,True
CN(C)c1ccc(/C=N/c2ccc(S(N)(=O)=O)cc2)cc1,inactive,195740.0,1,303.1,2.15,1,4,4,75.76,0,True
CN(C)c1ccc(/N=C/c2ccc(S(N)(=O)=O)cc2)cc1,inactive,64420.0,1,303.1,2.15,1,4,4,75.76,0,True
CN(C)c1ccc(C2=C(c3ccc(S(C)(=O)=O)cc3)CCC2)cc1Cl,inactive,37700.0,1,375.11,4.9,0,3,4,37.38,0,True
CN(C)c1cccc(-c2nc(C(F)(F)F)cn2-c2ccc(S(C)(=O)=O)cc2)c1,inactive,42200.0,1,409.11,4.03,0,4,4,55.2,0,True
CN(C)c1ccccc1C(=O)NCCc1c[nH]c2ccc(O)cc12,active,570.0,1,323.16,2.91,3,3,5,68.36,0,True
CN(CC(=O)c1cc(C(C)(C)C)c2c(c1)C(C)(C)CO2)CC1CC1,inactive,30000.0,1,329.24,4.18,0,3,5,29.54,0,True
CN1C(=O)/C(=C(/O)Nc2ccc(Cl)cc2)c2ccccc2C1=O,active,120.0,1,328.06,3.29,2,4,2,69.64,0,True
CN1C(=O)/C(=C(/O)Nc2ccc(Cl)cc2Cl)c2cc(Cl)ccc2C1=O,active,600.0,1,395.98,4.6,2,4,2,69.64,0,True
CN1C(=O)/C(=C(/O)Nc2ccccc2)c2ccccc2C1=O,active,370.0,1,294.1,2.64,2,4,2,69.64,0,True
CN1C(C(=O)Nc2ccccn2)=C(O)c2ccccc2S1(=O)=O,inactive,43213.4,4,331.06,1.58,2,5,2,99.6,0,True
CN1C(O)=C(C(=O)Nc2ccc(Br)cc2Br)c2cc(Cl)ccc2S1(=O)=O,active,140.0,1,519.85,4.36,2,4,2,86.71,1,False
CN1C(O)=C(C(=O)Nc2ccc(Cl)cc2)c2cc(Cl)ccc2S1(=O)=O,active,390.0,1,397.99,3.49,2,4,2,86.71,0,True
CN1C(O)=C(C(=O)Nc2ccc(Cl)cc2Cl)c2cc(Cl)ccc2S1(=O)=O,active,80.0,1,431.95,4.15,2,4,2,86.71,0,True
CN1C(O)=C(C(=O)Nc2ccc(F)cc2F)c2cc(Cl)ccc2S1(=O)=O,active,240.0,1,400.01,3.12,2,4,2,86.71,0,True
CN1C(O)=C(C(=O)Nc2ccccc2Cl)c2cc(Cl)ccc2S1(=O)=O,active,41.0,1,397.99,3.49,2,4,2,86.71,0,True
CN=[S+](C)([O-])c1ccc(C2=C(c3ccccc3)C(=O)OC2)cc1,active,42.4,1,327.09,3.24,0,4,3,61.72,0,True
CNc1ccc(-c2cc(C(F)(F)F)nn2-c2ccc(S(N)(=O)=O)cc2)cc1,inactive,13800.0,1,396.09,3.25,2,4,4,90.01,0,True
CNc1ccc(-c2cc(C(F)(F)F)nn2-c2ccc(S(N)(=O)=O)cc2)cc1Cl,inactive,77700.0,1,430.05,3.9,2,4,4,90.01,0,True
CNc1ccc(-c2nc(C(F)(F)F)cn2-c2ccc(S(C)(=O)=O)cc2)cc1,inactive,53500.0,1,395.09,4.0,1,4,4,63.99,0,True
CNc1nnc(-c2cc(C(C)(C)C)c(O)c(C(C)(C)C)c2)s1,active,300.0,1,319.17,4.55,2,5,2,58.04,0,True
COC(=O)C([11CH3])c1cccc(C(=O)c2ccccc2)c1,active,47.0,1,267.12,3.19,0,3,4,43.37,0,True
COC(=O)CC1N(C(=O)Nc2nc(C)cs2)C(=O)c2ccccc2S1(=O)=O,inactive,157700.0,1,409.04,1.8,1,8,3,122.74,0,True
COC(=O)CCCCc1cccc(C(=O)OC)c1OC(C)=O,inactive,720000.0,1,308.13,2.28,0,6,7,78.9,0,True
COC(=O)c1[nH]c2cc(S(C)(=O)=O)ccc2c1Sc1ccc(F)cc1F,inactive,17200.0,1,397.03,3.79,1,5,4,76.23,0,True
COC(=O)c1c(-c2ccc(Cl)o2)noc1-c1ccccc1,inactive,17400.0,1,303.03,4.04,0,5,3,65.47,0,True
COC(=O)c1c(-c2ccccc2)noc1-c1ccccc1,inactive,17280.0,1,279.09,3.8,0,4,3,52.33,0,True
COC(=O)c1cc(-c2ccc(S(N)(=O)=O)cc2)c(-c2ccc(F)cc2)s1,active,1000.0,1,391.03,3.66,1,5,4,86.46,0,True
COC(=O)c1cc(/N=C/c2ccc(S(N)(=O)=O)cc2)ccc1O,inactive,23990.0,1,334.06,1.58,2,6,4,119.05,0,True
COC(=O)c1ccc(-c2ccsc2-c2ccc(F)cc2)cc1,inactive,17000.0,1,312.06,5.01,0,3,3,26.3,1,False
COC(=O)c1ccc(-n2nc(-c3ccco3)cc2N)cc1,active,90.0,1,283.1,2.5,1,5,3,83.28,0,True
COC(=O)c1ccc(/C=N/c2ccc(S(N)(=O)=O)cc2)cc1,inactive,183500.0,1,318.07,1.87,1,5,4,98.82,0,True
COC(=O)c1ccc(/N=C/c2ccc(S(N)(=O)=O)cc2)cc1,inactive,56730.0,1,318.07,1.87,1,5,4,98.82,0,True
COC(=O)c1nn(-c2ccc(S(N)(=O)=O)cc2)c(-c2ccc(Cl)cc2)c1Cl,active,410.0,1,425.0,3.28,1,5,4,104.28,0,True
COC(=O)c1onc(-c2ccc(Cl)o2)c1-c1ccccc1,inactive,19200.0,1,303.03,4.04,0,5,3,65.47,0,True
COC1(C)OC(=O)C(c2ccc(F)cc2)=C1c1ccc(S(C)(=O)=O)cc1,inactive,35500.0,2,376.08,3.06,0,5,4,69.67,0,True
COC1(c2cc(F)cc(OCCCN3CCc4c(c5cc(F)ccc5n4Cc4ccc(S(C)(=O)=O)cc4)C3)c2)CCOCC1,inactive,180300.0,1,624.25,5.85,0,6,10,70.0,2,False
COC1(c2cc(F)cc(OCCCN3CCc4c(c5cc(S(C)(=O)=O)ccc5n4C(=O)c4ccccc4)C3)c2)CCOCC1,inactive,24000.0,1,620.24,5.35,0,7,9,87.07,2,False
COC1(c2cc(F)cc(OCCCN3CCc4c(c5ccccc5n4C(=O)c4ccccc4)C3)c2)CCOCC1,inactive,18200.0,1,542.26,5.95,0,5,8,52.93,2,False
COC1(c2cc(F)cc(OCc3cc(-c4ccc(Cl)cc4)n(S(N)(=O)=O)n3)c2)CCOCC1,inactive,38000.0,1,495.1,3.63,1,6,7,105.67,0,True
COC1(c2cc(F)cc(OCc3cc(-c4ccccc4)n(-c4ccc(S(C)(=O)=O)cc4)n3)c2)CCOCC1,inactive,26080.0,1,536.18,5.31,0,6,8,79.65,2,False
COC1(c2cc(F)cc(OCc3cc(-c4ccccc4)n(-c4ccc(S(N)(=O)=O)cc4)n3)c2)CCOCC1,inactive,25700.0,1,537.17,4.56,1,6,8,105.67,1,False
COC1c2c(-c3ccccc3)c(-c3ccc(Cl)cc3)c(C)n2CC1(C)C,active,500.0,1,365.15,6.51,0,1,3,14.16,1,False
COC1c2c(-c3ccccc3)c(-c3ccc(Cl)cc3)c(CC(=O)O)n2CC1(C)C,active,60.0,1,409.14,5.83,1,2,5,51.46,1,False
COCCNC(=O)c1cc(C(C)(C)C)c2c(c1)C(C)(C)CO2,active,1000.0,1,305.2,3.03,1,3,4,47.56,0,True
COCC[C@@]1(C)CC=C2C(CCC3[C@](C)(C(=O)O)CCC[C@@]23C)C1,inactive,84600.0,1,334.25,5.06,1,2,4,46.53,1,False
COCn1nc(-c2ccccc2)c(C(=O)/C=C/c2ccccc2)cc1=O,inactive,43000.0,1,346.13,3.41,0,4,6,61.19,0,True
COc1c(C(C)(C)C)cc(-c2nnc(SC)s2)cc1C(C)(C)C,active,770.0,1,350.15,5.53,0,5,3,35.01,1,False
COc1c(C)cc(-c2nc(C(F)(F)F)cn2-c2ccc(S(C)(=O)=O)cc2)cc1C,inactive,91000.0,1,424.11,4.59,0,4,4,61.19,0,True
COc1c(Cl)cc(-c2cc(C(F)F)nn2-c2ccc(S(N)(=O)=O)cc2)cc1Cl,inactive,77000.0,1,447.0,4.44,1,4,5,87.21,0,True
COc1c(Cl)cc(C2=C(c3ccc(S(N)(=O)=O)cc3)CC3(CC3)C2)cc1Cl,inactive,16400.0,1,423.05,5.13,1,3,4,69.39,1,False
COc1c(Cl)cc(C2=C(c3ccc(S(N)(=O)=O)cc3)CCC2)cc1Cl,inactive,71600.0,1,397.03,4.74,1,3,4,69.39,0,True
COc1c(F)cc(-c2cc(C(F)F)nn2-c2ccc(S(N)(=O)=O)cc2)cc1F,inactive,63600.0,1,415.06,3.41,1,4,5,87.21,0,True
COc1c(F)cc(-c2nc(C(F)(F)F)cn2-c2ccc(S(N)(=O)=O)cc2)cc1F,inactive,35000.0,1,433.05,3.49,1,4,4,87.21,0,True
COc1c(O)cc([C@@H]2Oc3cc(O)cc(O)c3C[C@H]2O)cc1O,inactive,12000.0,1,320.09,1.55,5,7,2,119.61,0,True
COc1c(O)cc([C@H]2Oc3c(c(O)cc(O)c3[C@H]3c4c(O)cc(O)cc4O[C@H](c4ccc(O)cc4)[C@@H]3O)C[C@H]2O)cc1O,inactive,138000.0,1,592.16,3.3,9,12,4,209.76,3,False
COc1c(OC)c(O)c2c(=O)cc(C)oc2c1Br,inactive,29320.0,1,313.98,2.59,1,5,2,68.9,0,True
COc1c(OC)c(O)c2c(=O)cc(C)oc2c1Cl,inactive,27180.0,1,270.03,2.48,1,5,2,68.9,0,True
COc1cc(-c2cc(C(=O)N/N=C/c3c(Cl)c4ccccc4oc3=O)nn2-c2ccc(S(N)(=O)=O)cc2)cc(OC)c1OC,inactive,49760.0,1,637.1,3.74,2,10,9,177.34,1,False
COc1cc(-c2cc(C(=O)OCCOc3cc(=O)oc4ccccc34)nn2-c2ccc(S(N)(=O)=O)cc2)cc(OC)c1OC,inactive,47550.0,1,621.14,3.55,1,11,11,171.41,2,False
COc1cc(-c2cc(C(=O)OCCOc3ccc4ccc(=O)oc4c3)nn2-c2ccc(S(N)(=O)=O)cc2)cc(OC)c1OC,inactive,53080.0,1,621.14,3.55,1,11,11,171.41,2,False
COc1cc(/C=C(\C)c2ccc(C(F)(F)F)cc2)cc(OC)c1,inactive,32600.0,1,322.12,5.28,0,2,4,18.46,1,False
COc1cc(/C=C/C(=O)CC(=O)/C=C/c2ccc(O)c(OC)c2)ccc1O,inactive,21945.0,4,368.13,3.37,2,6,8,93.06,0,True
COc1cc(/C=C/C(=O)NS(=O)(=O)c2ccc(-n3nc(C(F)(F)F)cc3-c3ccc(C)cc3)cc2)ccc1O,active,23.0,1,557.12,5.1,2,6,7,110.52,2,False
COc1cc(/C=C/C(=O)Nc2ccc3sc(NCN4C(=O)CSC4=O)nc3c2)ccc1O,inactive,60410.0,1,470.07,3.73,3,9,7,120.86,0,True
COc1cc(/C=C/C(=O)O)cc(OC)c1O,inactive,39200.0,1,224.07,1.51,2,4,4,75.99,0,True
COc1cc(/C=C/CO)cc(OC)c1O[C@@H]1O[C@H](CO)[C@@H](O)[C@H](O)[C@H]1O,inactive,36000.0,1,372.14,-1.11,5,9,7,138.07,0,True
COc1cc(/C=C/CO)ccc1O[C@@H]1O[C@H](CO)[C@@H](O)[C@H](O)[C@H]1O,inactive,75000.0,1,342.13,-1.12,5,8,6,128.84,0,True
COc1cc(/C=C/c2cc(/C=C/c3cc(CC=C(C)C)c(O)c(OC)c3)[nH]n2)cc(CC=C(C)C)c1O,active,13.0,2,500.27,7.2,3,5,10,87.6,2,False
COc1cc(/C=C/c2ccc(O)cc2)cc(OC)c1,active,700.0,1,256.11,3.58,1,3,4,38.69,0,True
COc1cc(/C=C/c2ccc([N+](=O)[O-])cc2)cc(OC)c1,inactive,10000.0,1,285.1,3.78,0,4,5,61.6,0,True
COc1cc(/C=N/C2=NNC(=O)C2c2ccc(Cl)nn2)cc(OC)c1OC,inactive,14380.0,1,389.09,1.8,1,8,5,107.29,0,True
COc1cc(/C=N/c2ccc(S(N)(=O)=O)cc2)cc(OC)c1,inactive,109690.0,1,320.08,2.1,1,5,5,90.98,0,True
COc1cc(/C=N/c2ccc(S(N)(=O)=O)cc2)cc(OC)c1O,inactive,155950.0,1,336.08,1.81,2,6,5,111.21,0,True
COc1cc(/C=N/c2ccc(S(N)(=O)=O)cc2)cc(OC)c1OC,inactive,167090.0,1,350.09,2.11,1,6,6,100.21,0,True
COc1cc(/C=N/c2ccc(S(N)(=O)=O)cc2)ccc1O,inactive,78200.0,1,306.07,1.8,2,5,4,101.98,0,True
COc1cc(/C=c2\c(=O)[nH]n3c(=O)c4ccccc4nc23)cc(OC)c1OC,active,667.6,1,379.12,1.11,1,6,4,94.92,0,True
COc1cc(C(=O)NS(=O)(=O)c2ccc(-n3nc(C(F)(F)F)cc3-c3ccc(C)cc3)cc2)ccc1O,active,11.0,1,531.11,4.7,2,6,6,110.52,1,False
COc1cc(Cl)c2c(c1)C=C(C(=O)O)C(C(F)(F)F)O2,inactive,25600.0,1,308.01,3.14,1,3,2,55.76,0,True
COc1cc(F)cc(OCc2cc(-c3ccccc3)n(-c3ccc(S(C)(=O)=O)cc3)n2)c1,inactive,44330.0,1,452.12,4.67,0,5,7,70.42,0,True
COc1cc(NC(C)=O)ccc1O,inactive,234211.44,2,181.07,1.36,2,3,2,58.56,0,True
COc1cc(O)c2c(=O)cc(C)oc2c1,inactive,17800.0,1,206.06,1.82,1,4,1,59.67,0,True
COc1cc(OC(F)(F)F)cc2c1OC(C(F)(F)F)C(C(=O)O)=C2,active,320.0,1,358.03,3.39,1,4,3,64.99,0,True
COc1cc(OC)cc(-c2cc3ccc(O)cc3oc2=O)c1,inactive,105000.0,1,298.08,3.18,1,5,3,68.9,0,True
COc1cc(OC)cc(OCc2cc(-c3ccccc3)n(-c3ccc(S(C)(=O)=O)cc3)n2)c1,inactive,25050.0,1,464.14,4.54,0,6,8,79.65,0,True
COc1cc(OCc2cc(-c3ccccc3)n(-c3ccc(S(C)(=O)=O)cc3)n2)cc(OC)c1OC,inactive,17590.0,1,494.15,4.55,0,7,9,88.88,0,True
COc1cc2c(CC(=O)NCCCO[N+](=O)[O-])c(C)n(C(=O)c3ccc(Cl)cc3)c2cc1Cl,inactive,15900.0,1,493.08,4.21,1,6,9,112.7,0,True
COc1cc2c(cc1OC)CN(C(=O)CCn1sc3nc(C)cc(C)c3c1=O)CC2,inactive,399647.58499999996,2,427.16,3.07,0,6,5,73.66,0,True
COc1cc2ccc(=O)oc2c(O)c1O,inactive,524000.0,1,208.04,1.21,2,5,1,79.9,0,True
COc1cc2oc(C)cc(=O)c2c(O)c1O,inactive,19750.0,1,222.05,1.52,2,5,1,79.9,0,True
COc1cc2oc(C)cc(=O)c2c(O)c1OC,inactive,22300.0,1,236.07,1.82,1,5,2,68.9,0,True
COc1cc2oc(C)cc(=O)c2c(O)c1OCC=C(C)C,inactive,18670.0,1,290.12,3.16,1,5,4,68.9,0,True
COc1cc2oc(C)cc(=O)c2c(OCC=C(C)C)c1OC,inactive,22870.0,1,304.13,3.46,0,5,5,57.9,0,True
COc1ccc(-c2c(-c3ccc(S(N)(=O)=O)cc3)ccc(F)c2F)cc1C,inactive,10964.78,1,389.09,4.26,1,3,4,69.39,0,True
COc1ccc(-c2c(-c3ccc(S(N)(=O)=O)cc3)ccc(F)c2F)cc1Cl,inactive,19054.61,1,409.04,4.61,1,3,4,69.39,0,True
COc1ccc(-c2c(-c3ccc(S(N)(=O)=O)cc3)ccc(F)c2F)cc1F,inactive,22387.21,1,393.06,4.09,1,3,4,69.39,0,True
COc1ccc(-c2c(Cl)ncn2-c2ccc(S(C)(=O)=O)cc2)c(F)c1,active,110.0,1,380.04,3.74,0,4,4,61.19,0,True
COc1ccc(-c2cc(C(=O)N/N=C/c3c(Cl)c4ccccc4oc3=O)nn2-c2ccc(S(N)(=O)=O)cc2)cc1,inactive,84270.0,1,577.08,3.72,2,8,7,158.88,1,False
COc1ccc(-c2cc(C(=O)N/N=C/c3c(Cl)c4ccccc4oc3=O)nn2-c2ccc(S(N)(=O)=O)cc2)cc1OC,inactive,69250.0,1,607.09,3.73,2,9,8,168.11,1,False
COc1ccc(-c2cc(C(C)C(=O)O)ccc2CC2CCCC2=O)cc1,inactive,800000.0,1,352.17,4.46,1,3,6,63.6,0,True
COc1ccc(-c2cc(C(F)(F)F)nn2-c2ccc(Cl)cc2)cc1,active,18.0,1,352.06,5.22,0,2,3,27.05,1,False
COc1ccc(-c2cc(C(F)(F)F)nn2-c2ccc(OC)cc2)cc1,active,5.0,1,348.11,4.58,0,3,4,36.28,0,True
COc1ccc(-c2cc(C(F)(F)F)nn2-c2ccc(S(N)(=O)=O)cc2)cc1C,inactive,15400.0,1,411.09,3.52,1,4,4,87.21,0,True
COc1ccc(-c2cc(C(F)F)nn2-c2ccc(S(N)(=O)=O)cc2)cc1,active,830.0,1,379.08,3.13,1,4,5,87.21,0,True
COc1ccc(-c2cc(C(F)F)nn2-c2ccc(S(N)(=O)=O)cc2)cc1Cl,inactive,27600.0,1,413.04,3.79,1,4,5,87.21,0,True
COc1ccc(-c2cc(C(F)F)nn2-c2ccc(S(N)(=O)=O)cc2)cc1F,inactive,36000.0,1,397.07,3.27,1,4,5,87.21,0,True
COc1ccc(-c2cc(CC3CCCC3=O)ccc2C(C)C(=O)O)cc1,inactive,74000.0,1,352.17,4.46,1,3,6,63.6,0,True
COc1ccc(-c2cc(COC(=O)COc3cc(O)c4c(=O)cc(-c5ccccc5)oc4c3)nn2-c2ccc(C)cc2)cc1,inactive,47480.0,1,588.19,6.46,1,8,9,113.02,2,False
COc1ccc(-c2cc(COC(=O)COc3cc(O)c4c(=O)cc(-c5ccccc5)oc4c3)nn2-c2ccc(Cl)cc2)cc1,inactive,46450.0,1,608.14,6.8,1,8,9,113.02,2,False
COc1ccc(-c2cc(COC(=O)COc3cc(O)c4c(=O)cc(-c5ccccc5)oc4c3)nn2-c2ccccc2)cc1,inactive,41340.0,1,574.17,6.15,1,8,9,113.02,2,False
COc1ccc(-c2cc(F)c(F)cc2-c2ccc(S(N)(=O)=O)cc2)cc1C,inactive,10900.0,1,389.09,4.26,1,3,4,69.39,0,True
COc1ccc(-c2cc(F)c(F)cc2-c2ccc(S(N)(=O)=O)cc2)cc1Cl,inactive,18900.0,1,409.04,4.61,1,3,4,69.39,0,True
COc1ccc(-c2cc(F)c(F)cc2-c2ccc(S(N)(=O)=O)cc2)cc1F,inactive,22500.0,1,393.06,4.09,1,3,4,69.39,0,True
COc1ccc(-c2ccc(CCC(=O)O)n2-c2ccc(C(C)=O)cc2)cc1,inactive,13000.0,2,363.15,4.37,1,3,7,68.53,0,True
COc1ccc(-c2ccc(Cn3c(CC(C)(C)C(=O)O)c(SC(C)(C)C)c4cc(OCc5ccc(C)cn5)ccc43)cc2)cn1,inactive,14800.0,2,623.28,8.59,1,6,11,86.47,2,False
COc1ccc(-c2cccc(Cn3c(CC(C)(C)C(=O)O)c(SC(C)(C)C)c4cc(OCc5ccccn5)ccc43)c2)cn1,active,420.0,1,609.27,8.28,1,6,11,86.47,2,False
COc1ccc(-c2ccccc2-c2ccc(S(N)(=O)=O)cc2)cc1F,inactive,13200.0,3,357.08,3.82,1,3,4,69.39,0,True
COc1ccc(-c2cn(-c3ccc(S(C)(=O)=O)cc3)nn2)cc1,inactive,10000.0,1,329.08,2.35,0,5,4,74.08,0,True
COc1ccc(-c2cnnn2-c2ccc(S(C)(=O)=O)cc2)cc1,active,830.0,1,329.08,2.35,0,5,4,74.08,0,True
COc1ccc(-c2cscc2-c2ccc(S(C)(=O)=O)cc2)cc1,active,900.0,1,344.05,4.49,0,4,4,43.37,0,True
COc1ccc(-c2cscc2-c2ccc(S(N)(=O)=O)cc2)cc1F,inactive,10000.0,1,363.04,3.88,1,4,4,69.39,0,True
COc1ccc(-c2nc(C(=O)N3CCN(C)CC3)sc2-c2ccc(OC)cc2)cc1,active,59.0,2,423.16,3.88,0,6,5,54.9,0,True
COc1ccc(-c2nc(C(F)(F)F)cn2-c2ccc(S(C)(=O)=O)cc2)cc1Cl,inactive,296000.0,1,430.04,4.62,0,4,4,61.19,0,True
COc1ccc(-c2nc(C(F)(F)F)cn2-c2ccc(S(C)(=O)=O)cc2)cc1F,inactive,49000.0,1,414.07,4.11,0,4,4,61.19,0,True
COc1ccc(-c2nc(C(F)(F)F)cn2-c2ccc(S(C)(=O)=O)cc2)cn1,inactive,49000.0,1,397.07,3.37,0,5,4,74.08,0,True
COc1ccc(-c2nc(NCc3ccccc3)sc2-c2ccc(S(N)(=O)=O)cc2)cc1F,active,10.0,1,469.09,4.88,2,6,7,94.31,0,True
COc1ccc(-c2nc(OC)nn2-c2ccc(OC)cc2)cc1,active,4.95,2,311.13,2.96,0,5,5,58.4,0,True
COc1ccc(-c2nc(O[11CH3])nn2-c2ccc(OC)cc2)cc1,active,5.0,1,310.14,2.96,0,5,5,58.4,0,True
COc1ccc(-c2nn(-c3ccccc3)c3c2CCCCC3)cc1,inactive,10000.0,1,318.17,4.82,0,2,3,27.05,0,True
COc1ccc(-c2noc(CC(=O)NCCCCCCCCCCC(=O)OC[C@H]3OC(O)[C@H](O)[C@@H](O)[C@H]3O)c2-c2ccc(OC)cc2)cc1,active,400.0,1,684.33,3.54,5,12,19,190.04,2,False
COc1ccc(-c2noc(CC(=O)O)c2-c2ccc(OC)cc2)cc1,active,1.4,3,339.11,3.65,1,5,6,81.79,0,True
COc1ccc(-c2noc(CC(=O)OC[C@H]3O[C@@H](O)[C@H](O)[C@@H](O)[C@H]3O)c2-c2ccc(OC)cc2)cc1,active,270.0,1,501.16,0.91,4,11,8,160.94,2,False
COc1ccc(-n2c(-c3ccc(S(N)(=O)=O)cc3)coc2=O)cc1,active,899.75,2,346.06,1.75,1,5,4,104.53,0,True
COc1ccc(-n2cc(CSc3nc4ccccc4o3)nn2)cc1,inactive,89370.0,1,338.08,3.71,0,6,5,65.97,0,True
COc1ccc(-n2nc(C(=O)OCc3c(-c4ccccc4)no[n+]3[O-])nc2CCl)cc1,inactive,29400.0,1,441.08,2.66,0,8,7,119.21,0,True
COc1ccc(-n2nc(C(F)(F)F)cc2-c2ccc(Cl)cc2)cc1,active,9.0,10,352.06,5.22,0,2,3,27.05,1,False
COc1ccc(-n2nc(CCC(=O)NCCCCNC(=O)c3ccc(C4=c5cc6c7c(c5Oc5c4cc4c8c5CCCN8CCC4)CCC[N+]=7CCC6)c(C(=O)[O-])c3)cc2-c2ccc(C)cc2)cc1,active,44.0,1,922.44,5.91,2,8,14,140.86,2,False
COc1ccc(-n2nc(COc3cc(F)cc(C4(OC)CCOCC4)c3)cc2-c2ccccc2)cc1,active,36.0,1,488.21,5.92,0,5,8,54.74,1,False
COc1ccc(-n2nc(OCC(F)(F)F)nc2-c2ccc(O[11CH3])cc2)cc1,active,1.0,1,378.13,3.89,0,5,6,58.4,0,True
COc1ccc(/C(C)=C/c2cc(O)cc(O)c2)cc1,inactive,12400.0,1,256.11,3.67,2,3,3,49.69,0,True
COc1ccc(/C(C)=C/c2cc(O)cc(O)c2)cc1OC,inactive,11400.0,1,286.12,3.68,2,4,4,58.92,0,True
COc1ccc(/C=C(\C)c2cc(O)cc(O)c2)cc1OC,inactive,10600.0,1,286.12,3.68,2,4,4,58.92,0,True
COc1ccc(/C=C/c2cc(O)cc(O)c2)cc1,inactive,25800.0,1,242.09,3.28,2,3,3,49.69,0,True
COc1ccc(/C=C/c2cc(O)cc(O)c2)cc1OC,active,290.0,1,272.1,3.29,2,4,4,58.92,0,True
COc1ccc(/C=C/c2cc(OC)cc(OC)c2/C=C/C(=O)N2CC(C)CC(C)C2)cc1,inactive,45060.0,1,435.24,5.4,0,4,7,48.0,1,False
COc1ccc(/C=C/c2cc(OC)cc(OC)c2/C=C/C(=O)N2CCC(Cl)CC2)cc1,inactive,40560.0,1,441.17,5.13,0,4,7,48.0,1,False
COc1ccc(/C=C/c2cc(OC)cc(OC)c2/C=C/C(=O)N2CCN(C)CC2)cc1,inactive,39060.0,1,422.22,3.67,0,5,7,51.24,0,True
COc1ccc(/C=C/c2cc(OC)cc(OC)c2/C=C/C(=O)N2CCSCC2)cc1,inactive,45190.0,1,425.17,4.47,0,5,7,48.0,0,True
COc1ccc(/C=C/c2cc(OC)cc(OC)c2/C=C/C(=O)NC(C)C)cc1,inactive,40390.0,1,381.19,4.42,1,4,8,56.79,0,True
COc1ccc(/C=C/c2cc(OC)cc(OC)c2/C=C/C(=O)NCCCCl)cc1,inactive,38390.0,1,415.16,4.64,1,4,10,56.79,0,True
COc1ccc(/C=C/c2cc(OC)cc(OC)c2/C=C/C(=O)NCCCl)cc1,inactive,32260.0,1,401.14,4.25,1,4,9,56.79,0,True
COc1ccc(/C=C/c2cc(OC)cc(OC)c2/C=C/C(=O)NCc2ccco2)cc1,inactive,29090.0,1,419.17,4.81,1,5,9,69.93,0,True
COc1ccc(/C=N/C2=NN=C(N)C2c2ccc(Cl)nn2)cc1,inactive,19290.0,1,328.08,2.03,1,7,3,98.11,0,True
COc1ccc(/C=N/c2c(C#N)cnn2-c2ccc(S(N)(=O)=O)cc2)cc1,active,513.0,1,381.09,2.15,1,6,5,123.36,0,True
COc1ccc(/C=N/c2c(C#N)cnn2-c2ccc(S(N)(=O)=O)cc2)cc1OC,active,162.97,1,411.1,2.16,1,7,6,132.59,0,True
COc1ccc(/C=N/c2ccc(S(N)(=O)=O)cc2)cc1,inactive,313830.0,1,290.07,2.09,1,4,4,81.75,0,True
COc1ccc(/C=N/c2ccc(S(N)(=O)=O)cc2)cc1O,inactive,43800.0,1,306.07,1.8,2,5,4,101.98,0,True
COc1ccc(/C=N/c2ccc(S(N)(=O)=O)cc2)cc1OC,inactive,110270.0,1,320.08,2.1,1,5,5,90.98,0,True
COc1ccc(/C=c2\c(=O)[nH]n3c(=O)c4ccccc4nc23)cc1OC,active,684.1,2,349.11,1.1,1,5,3,85.69,0,True
COc1ccc(/N=C/c2ccc(S(N)(=O)=O)cc2)cc1,inactive,60740.0,1,290.07,2.09,1,4,4,81.75,0,True
COc1ccc(/N=C/c2ccc(S(N)(=O)=O)cc2)cc1OC,inactive,31270.0,1,320.08,2.1,1,5,5,90.98,0,True
COc1ccc(/N=N/c2ccc(S(N)(=O)=O)cc2)cc1O,inactive,66410.0,1,307.06,2.46,2,6,4,114.34,0,True
COc1ccc(/N=N/c2ccc(S(N)(=O)=O)cc2)cc1OC,inactive,61730.0,1,321.08,2.77,1,6,5,103.34,0,True
COc1ccc(C(=O)c2ccccc2)cc1C(C)C(=O)O,active,42.0,1,284.1,3.11,1,3,5,63.6,0,True
COc1ccc(C2=C(c3ccc(F)cc3)C(=O)OC2)cc1,active,360.0,1,284.08,3.3,0,3,3,35.53,0,True
COc1ccc(C2=C(c3ccc(S(C)(=O)=O)cc3)CC3(CC3)C2)cc1,active,570.0,1,354.13,4.58,0,3,4,43.37,0,True
COc1ccc(C2=C(c3ccc(S(N)(=O)=O)cc3)CC3(CC3)C2)cc1,active,5.0,1,355.12,3.83,1,3,4,69.39,0,True
COc1ccc(C2=C(c3ccc(S(N)(=O)=O)cc3)CC3(CC3)C2)cc1Br,active,400.0,1,433.03,4.59,1,3,4,69.39,0,True
COc1ccc(C2=C(c3ccc(S(N)(=O)=O)cc3)CC3(CC3)C2)cc1F,active,480.0,1,373.11,3.97,1,3,4,69.39,0,True
COc1ccc(C2=C(c3ccc(S(N)(=O)=O)cc3)CCC2)cc1,active,200.0,2,329.11,3.44,1,3,4,69.39,0,True
COc1ccc(C2=C(c3ccc(S(N)(=O)=O)cc3)CCC2)cc1Cl,inactive,17300.0,1,363.07,4.09,1,3,4,69.39,0,True
COc1ccc(C2=C(c3cccc(F)c3)C(=O)OC2)cc1,active,330.0,2,284.08,3.3,0,3,3,35.53,0,True
COc1ccc(C2C3COc4ccccc4C3=NN2c2ccc(S(N)(=O)=O)cc2)cc1,inactive,78100.0,1,435.13,3.32,1,6,4,94.22,0,True
COc1ccc(C2NC(NCc3ccccc3)SC2c2ccc(S(N)(=O)=O)cc2)cc1F,active,20.0,1,473.12,3.67,3,6,7,93.45,0,True
COc1ccc(C2SCC(=O)N2CCN2C(=O)CSC2c2ccc(OC)cc2)cc1,inactive,53700.0,1,444.12,3.55,0,6,7,59.08,0,True
COc1ccc(C=Nn2c(S)nnc2-c2cnn(-c3ccc(S(C)(=O)=O)cc3)c2C)cc1OC,inactive,14520.0,1,498.11,3.03,1,9,7,113.49,0,True
COc1ccc(N2C(=O)C(CC(=O)O)S/C2=N/N=C/c2c(C)ccc(C(C)C)c2O)cc1,inactive,13990.0,1,455.15,4.15,2,7,7,111.79,0,True
COc1ccc(N2C(=O)O/C(=C3/C(=O)N(c4ccccc4)N=C3C)C=C2C)cc1,inactive,269000.0,1,389.14,4.23,0,5,3,71.44,0,True
COc1ccc(N2CCN(CC3=NOC(C)(C)CC3c3ccccc3)CC2)cc1,inactive,50600.0,1,393.24,4.16,0,5,5,37.3,0,True
COc1ccc(N2CCN(CC3=NO[C@@H]4CCCC[C@@H]4[C@H]3c3ccccc3)CC2)cc1,inactive,35800.0,1,419.26,4.55,0,5,5,37.3,0,True
COc1ccc(Nc2cnccc2NS(=O)(=O)C(F)(F)F)cc1,active,100.0,1,347.06,3.1,2,5,5,80.32,0,True
COc1ccc(Nc2cnccc2NS(C)(=O)=O)cc1,active,560.0,1,293.08,2.21,2,5,5,80.32,0,True
COc1ccc(Oc2c(-c3ccc(S(C)(=O)=O)cc3)oc(C)cc2=O)c(Cl)c1,inactive,13699.675,2,420.04,4.47,0,6,5,82.81,0,True
COc1ccc(Oc2cnccc2NS(=O)(=O)C(F)(F)F)cc1,active,260.0,1,348.04,3.14,1,5,5,77.52,0,True
COc1ccc(Sc2c(C)[nH]c3cc(S(C)(=O)=O)ccc23)cc1,inactive,18000.0,1,347.06,4.04,1,4,4,59.16,0,True
COc1ccc([C@H]2C(CN3CCN(c4ccc(OC)cc4)CC3)=NO[C@@H]3CCCC[C@H]23)cc1,inactive,40400.0,1,449.27,4.55,0,6,6,46.53,0,True
COc1ccc([C@H]2C(Cn3c4ccccc4c4ccccc43)=NO[C@@H]3CCCC[C@H]23)cc1,inactive,50800.0,1,424.22,6.53,0,3,4,35.75,1,False
COc1ccc2c(c1)C=C(C(=O)O)C(C(F)(F)F)O2,inactive,100000.0,1,274.05,2.49,1,3,2,55.76,0,True
COc1ccc2c(c1)CSc1c(C(F)(F)F)nn(-c3ccc(S(N)(=O)=O)cc3)c1-2,active,299.995,2,441.04,3.82,1,5,3,87.21,0,True
COc1ccc2c(c1)c(C)c(CCC(=O)O)n2C(=O)c1ccc(Cl)cc1,inactive,100000.0,1,371.09,4.32,1,3,5,68.53,0,True
COc1ccc2c(c1)c(CC(=O)O)c(C)n2-c1ccnc2cc(Cl)ccc12,active,40.0,1,380.09,4.78,1,3,4,64.35,0,True
COc1ccc2c(c1)c(CC(=O)O)c(C)n2C(=O)c1ccc(Cl)cc1,active,105.0,80,357.08,3.93,1,3,4,68.53,0,True
COc1ccc2c(c1)c(CC(=O)OCC(=O)O)c(C)n2C(=O)c1ccc(Cl)cc1,active,10.0,1,415.08,3.47,1,5,6,94.83,0,True
COc1ccc2c(c1)c(CCC(=O)O)c(C)n2C(=O)c1ccc(Cl)cc1,inactive,48800.0,1,371.09,4.32,1,3,5,68.53,0,True
COc1ccc2c(c1)c(CCNS(=O)(=O)CCCO[N+](=O)[O-])c(C)n2C(=O)c1ccc(Cl)cc1,inactive,11000.0,2,509.1,3.36,1,7,11,129.77,1,False
COc1ccc2c(c1)c(Cc1csc(N)n1)c(C)n2C(=O)c1ccc(Cl)cc1,inactive,15500000.0,1,411.08,4.93,1,5,4,70.14,0,True
COc1ccc2c(c1)c1c(n2C(=O)c2c(Cl)cc(Cl)cc2Cl)CCN(CCCOc2cc(F)cc(C3(OC)CCOCC3)c2)C1,inactive,36700.0,1,674.15,7.92,0,6,9,62.16,2,False
COc1ccc2c(c1)c1c(n2C(=O)c2ccc(Br)cc2)CCN(CCCOc2cc(F)cc(C3(OC)CCOCC3)c2)C1,inactive,16500.0,1,650.18,6.72,0,6,9,62.16,2,False
COc1ccc2c(c1)c1c(n2C(=O)c2ccc(Cl)cc2)CC(C)(C)CC1=O,inactive,201000.0,1,381.11,5.15,0,3,2,48.3,1,False
COc1ccc2c(c1)c1c(n2C(=O)c2ccc(Cl)cc2)CCC(C(=O)O)C1,active,750.0,1,383.09,4.18,1,3,3,68.53,0,True
COc1ccc2c(c1)c1c(n2Cc2ccc(Cl)cc2)CC(C)(C)CC1=O,inactive,178000.0,1,367.13,5.51,0,2,3,31.23,1,False
COc1ccc2c(c1)c1c(n2S(=O)(=O)c2ccc(Cl)cc2)CC(C)(C)CC1=O,inactive,167000.0,1,417.08,4.7,0,4,3,65.37,0,True
COc1ccc2c(c1O)OC1c3ccc(O)c(OC)c3OCC21,inactive,30500.0,1,316.09,2.72,2,6,2,77.38,0,True
COc1ccc2cc([C@@H](C)C(=O)O)ccc2c1,active,61.0,1,230.09,3.04,1,2,3,46.53,0,True
COc1ccc2cc1Oc1ccc(cc1)C[C@H]1c3cc(c(OC)cc3CCN1C)Oc1c(O)c(OC)cc3c1[C@H](C2)N(C)CC3,inactive,129000.0,1,608.29,6.86,1,8,3,72.86,2,False
COc1cccc(-c2cc(=O)c3ccccc3o2)c1N,active,1000.0,1,267.09,3.05,1,4,2,65.46,0,True
COc1cccc(-c2cc(C(=O)OCCOc3cc(=O)oc4ccccc34)nn2-c2ccc(S(N)(=O)=O)cc2)c1,inactive,57260.0,1,561.12,3.54,1,9,9,152.95,1,False
COc1cccc(-c2cc(C(=O)OCCOc3ccc4ccc(=O)oc4c3)nn2-c2ccc(S(N)(=O)=O)cc2)c1,inactive,52670.0,1,561.12,3.54,1,9,9,152.95,1,False
COc1cccc(-c2cc(COC(=O)COc3cc(O)c4c(=O)cc(-c5ccccc5)oc4c3)nn2-c2ccccc2)c1,inactive,25520.0,1,574.17,6.15,1,8,9,113.02,2,False
COc1cccc(/C=N/c2ccc(S(N)(=O)=O)cc2)c1,inactive,383360.0,1,290.07,2.09,1,4,4,81.75,0,True
COc1cccc(C2C3CCc4ccccc4C3=NN2c2ccc(S(N)(=O)=O)cc2)c1,inactive,85460.0,1,433.15,3.87,1,5,4,84.99,0,True
COc1cccc(Nc2cnccc2NS(=O)(=O)C(F)(F)F)c1,active,1000.0,1,347.06,3.1,2,5,5,80.32,0,True
COc1cccc(Nc2cnccc2NS(C)(=O)=O)c1,inactive,25240.0,1,293.08,2.21,2,5,5,80.32,0,True
COc1ccccc1/C=C/C1=NN(c2ccc(F)cc2)C(=O)CC1,active,540.0,1,324.13,4.03,0,3,4,41.9,0,True
COc1ccccc1/C=C/C1=NN(c2ccccc2)C(=O)CC1,active,390.0,1,306.14,3.89,0,3,4,41.9,0,True
COc1ccccc1/C=C/C1=NNC(=O)CC1,active,270.0,1,230.11,1.97,1,3,3,50.69,0,True
COc1ccccc1/C=C/c1ccc(=O)[nH]n1,active,530.0,1,228.09,1.95,1,3,3,54.98,0,True
COc1ccccc1/C=C/c1ccc(=O)n(-c2ccc(F)cc2)n1,active,700.0,1,322.11,3.55,0,3,4,44.12,0,True
COc1ccccc1/C=C/c1ccc(=O)n(-c2ccccc2)n1,active,460.0,1,304.12,3.41,0,3,4,44.12,0,True
COc1ccccc1C1C2CCc3ccccc3C2=NN1c1ccc(S(N)(=O)=O)cc1,inactive,96240.0,1,433.15,3.87,1,5,4,84.99,0,True
COc1ccccc1C1C2COc3ccccc3C2=NN1c1ccc(S(N)(=O)=O)cc1,inactive,68490.0,1,435.13,3.32,1,6,4,94.22,0,True
COc1ccccc1N1CCN(CN2C(=O)c3c(c(C)n(-c4ccccc4)c3C)C2=O)CC1,inactive,94300.0,1,444.22,3.48,0,5,5,58.02,0,True
COc1ccncc1C1=C(c2ccc(S(C)(=O)=O)cc2)CCC1=O,active,60.0,1,343.09,2.77,0,5,4,73.33,0,True
COc1cnc(-c2ccc(Cn3c(CC(C)(C)C(=O)O)c(SC(C)(C)C)c4cc(OCc5ccc(C)cn5)ccc43)cc2)nc1,inactive,25000.0,1,624.28,7.98,1,7,11,99.36,2,False
COc1nnc(-c2cc(C(C)(C)C)c(O)c(C(C)(C)C)c2)s1,active,200.0,1,320.16,4.51,1,5,2,55.24,0,True
CS(=O)(=O)Nc1cc2c(cc1Sc1ccc(Cl)cc1Cl)C(=O)CC2,inactive,40000.0,1,400.97,4.65,1,4,4,63.24,0,True
CS(=O)(=O)Nc1cc2c(cc1Sc1nccs1)C(=O)CC2,inactive,13000.0,1,340.0,2.79,1,6,4,76.13,0,True
CS(=O)(=O)Nc1ccc([N+](=O)[O-])cc1Oc1ccccc1,inactive,10900.0,11,308.05,2.76,1,5,5,98.54,0,True
CS(=O)(=O)Nc1ccncc1NC1CCCCC1,active,270.0,1,269.12,2.2,2,4,4,71.09,0,True
CS(=O)(=O)Nc1ccncc1NC1CCCCCC1,active,940.0,1,283.14,2.59,2,4,4,71.09,0,True
CS(=O)(=O)Nc1ccncc1Nc1cccc(Br)c1,inactive,20020.0,1,340.98,2.96,2,4,4,71.09,0,True
CS(=O)(=O)Nc1ccncc1Nc1ccccc1Cl,active,480.0,1,297.03,2.85,2,4,4,71.09,0,True
CS(=O)(=O)Nc1ccncc1Oc1ccc(Cl)cc1Cl,active,620.0,1,331.98,3.55,1,4,4,68.29,0,True
CS(=O)(=O)Nc1ccncc1Oc1cccc(Cl)c1,inactive,10860.0,1,298.02,2.9,1,4,4,68.29,0,True
CS(=O)(=O)Nc1ccncc1Oc1ccccc1,active,410.0,3,264.06,2.25,1,4,4,68.29,0,True
CS(=O)(=O)c1ccc(-c2[nH]c(S(C)(=O)=O)nc2-c2ccc(Cl)cc2)cc1,active,420.0,1,410.02,3.2,1,5,4,96.96,0,True
CS(=O)(=O)c1ccc(-c2[nH]c(S(C)(=O)=O)nc2-c2ccc(F)cc2)cc1,active,390.0,1,394.05,2.69,1,5,4,96.96,0,True
CS(=O)(=O)c1ccc(-c2[nH]c(S(C)(=O)=O)nc2-c2ccccc2)cc1,active,340.0,1,376.06,2.55,1,5,4,96.96,0,True
CS(=O)(=O)c1ccc(-c2c(-c3ccc(F)cc3)nc3sccn23)cc1,inactive,25000.0,1,372.04,4.27,0,4,3,51.44,0,True
CS(=O)(=O)c1ccc(-c2c(-c3cccc(F)c3)nn3ncccc23)cc1,inactive,58300.0,1,367.08,3.61,0,4,3,64.33,0,True
CS(=O)(=O)c1ccc(-c2cc(/C=C\CC[N+](=O)[O-])nn2C2CCCCC2)cc1,inactive,1000000.0,1,403.16,4.14,0,5,7,95.1,0,True
CS(=O)(=O)c1ccc(-c2cc(Br)sc2-c2ccc(F)cc2)cc1,active,600.0,11,409.94,5.39,0,3,3,34.14,1,False
CS(=O)(=O)c1ccc(-c2cc(C(F)(F)F)cnc2-c2cccnc2)cc1,inactive,31000.0,1,378.06,4.23,0,4,3,59.92,0,True
CS(=O)(=O)c1ccc(-c2cc(C(F)(F)F)cnc2C(=O)c2ccccc2)cc1,inactive,14000.0,1,405.06,4.4,0,4,4,64.1,0,True
CS(=O)(=O)c1ccc(-c2cc(C(F)(F)F)cnc2N2CCCC(CO)C2)cc1,inactive,41000.0,1,414.12,3.38,1,5,4,70.5,0,True
CS(=O)(=O)c1ccc(-c2cc(C(F)(F)F)cnc2OCC2(O)CCCC2)cc1,inactive,83000.0,1,415.11,3.85,1,5,5,76.49,0,True
CS(=O)(=O)c1ccc(-c2cc(C(F)(F)F)nc(NC3CCCCC3)n2)cc1,inactive,11600.0,1,399.12,4.31,1,5,4,71.95,0,True
CS(=O)(=O)c1ccc(-c2cc(C(F)(F)F)nc(NCC3CCOCC3)n2)cc1,inactive,100000.0,1,415.12,3.4,1,6,5,81.18,0,True
CS(=O)(=O)c1ccc(-c2cc(C(F)(F)F)nc(NCc3ccccc3)n2)cc1,inactive,39300.0,1,407.09,4.18,1,5,5,71.95,0,True
CS(=O)(=O)c1ccc(-c2cc(C(F)(F)F)nc(OC3CCC3)n2)cc1,inactive,19000.0,1,372.08,3.5,0,5,4,69.15,0,True
CS(=O)(=O)c1ccc(-c2cc(C(F)(F)F)nc(OCC3CCCC3)n2)cc1,inactive,69000.0,1,400.11,4.13,0,5,5,69.15,0,True
CS(=O)(=O)c1ccc(-c2cc(Cl)cnc2-c2ccccn2)cc1,inactive,63000.0,1,344.04,3.87,0,4,3,59.92,0,True
CS(=O)(=O)c1ccc(-c2cc(Cl)cnc2-c2cccnc2)cc1,inactive,19000.0,1,344.04,3.87,0,4,3,59.92,0,True
CS(=O)(=O)c1ccc(-c2cc(Cl)cnc2-c2ccncc2)cc1,inactive,81000.0,1,344.04,3.87,0,4,3,59.92,0,True
CS(=O)(=O)c1ccc(-c2cc3c(cc2C(=O)c2cccc(F)c2)OCO3)cc1,inactive,20000.0,1,398.06,3.86,0,5,4,69.67,0,True
CS(=O)(=O)c1ccc(-c2cc3c(cc2Cc2ccccc2)OCO3)cc1,inactive,60000.0,1,366.09,4.08,0,4,4,52.6,0,True
CS(=O)(=O)c1ccc(-c2cccnc2-c2ccccc2)cc1,inactive,20000.0,1,309.08,3.82,0,3,3,47.03,0,True
CS(=O)(=O)c1ccc(-c2cnc(CCc3ccccc3)nc2-c2ccc(F)cc2)cc1,inactive,29371.0,1,432.13,5.14,0,4,6,59.92,1,False
CS(=O)(=O)c1ccc(-c2cnn(C3CC3)c(=O)c2-c2ccc(F)cc2)cc1,inactive,10000.0,1,384.09,3.45,0,4,4,69.03,0,True
CS(=O)(=O)c1ccc(-c2cnn(CC3CCCCC3)c(=O)c2-c2ccc(F)cc2)cc1,active,1000.0,1,440.16,4.7,0,4,5,69.03,0,True
CS(=O)(=O)c1ccc(-c2cnn(Cc3ccccc3)c(=O)c2-c2ccccc2)cc1,inactive,10000.0,1,416.12,4.03,0,4,5,69.03,0,True
CS(=O)(=O)c1ccc(-c2cnn(Cc3ccccc3)c(=O)c2OCC2CC2)cc1,inactive,10000.0,1,410.13,3.15,0,5,7,78.26,0,True
CS(=O)(=O)c1ccc(-c2cnn(Cc3ccccc3)c(=O)c2Oc2ccc(Cl)cn2)cc1,inactive,10000.0,1,467.07,4.2,0,6,6,91.15,0,True
CS(=O)(=O)c1ccc(-c2cnn(Cc3ccccc3)c(=O)c2Oc2ccc(F)cc2)cc1,active,1000.0,1,450.1,4.29,0,5,6,78.26,0,True
CS(=O)(=O)c1ccc(-c2cnn(Cc3ccccc3)c(=O)c2Sc2ccccc2)cc1,inactive,10000.0,1,448.09,4.51,0,5,6,69.03,0,True
CS(=O)(=O)c1ccc(-c2cnn(Cc3cccnc3)c(=O)c2-c2ccccc2)cc1,inactive,10000.0,1,417.11,3.42,0,5,5,81.92,0,True
CS(=O)(=O)c1ccc(-c2cnn(Cc3cccs3)c(=O)c2-c2ccc(F)cc2)cc1,active,1000.0,1,440.07,4.23,0,5,5,69.03,0,True
CS(=O)(=O)c1ccc(-c2cnn(Cc3nccs3)c(=O)c2-c2ccc(F)cc2)cc1,inactive,10000.0,1,441.06,3.62,0,6,5,81.92,0,True
CS(=O)(=O)c1ccc(-c2coc(=O)n2-c2ccc(Cl)cc2)cc1,inactive,13607.225,2,349.02,3.15,0,4,3,69.28,0,True
CS(=O)(=O)c1ccc(-c2coc(=O)n2-c2ccccc2)cc1,inactive,33586.880000000005,2,315.06,2.5,0,4,3,69.28,0,True
CS(=O)(=O)c1ccc(-c2coc(=O)n2-c2ccccc2F)cc1,inactive,13398.385,2,333.05,2.64,0,4,3,69.28,0,True
CS(=O)(=O)c1ccc(-c2sc(-c3ccccc3Cl)nc2-c2ccc(F)cc2F)cc1,inactive,70000.0,1,461.01,6.48,0,4,4,47.03,1,False
CS(=O)(=O)c1ccc(-c2sc3ncnn3c2-c2ccc(F)c(F)c2)cc1,inactive,30000.0,1,391.03,3.81,0,5,3,64.33,0,True
CS(=O)(=O)c1ccc(-c2sc3ncnn3c2-c2ccc(F)cc2)cc1,inactive,15000.0,1,373.04,3.67,0,5,3,64.33,0,True
CS(=O)(=O)c1ccc(-c2sc3ncnn3c2-c2ccccc2)cc1,inactive,43000.0,1,355.04,3.53,0,5,3,64.33,0,True
CS(=O)(=O)c1ccc(-n2cc(-c3ccc(Cl)cc3)nn2)cc1,inactive,12200.0,1,333.03,2.99,0,4,3,64.85,0,True
CS(=O)(=O)c1ccc(-n2cc(-c3ccc(F)cc3)nn2)cc1,inactive,12500.0,1,317.06,2.48,0,4,3,64.85,0,True
CS(=O)(=O)c1ccc(-n2cc(-c3ccccc3)nn2)cc1,inactive,20800.0,1,299.07,2.34,0,4,3,64.85,0,True
CS(=O)(=O)c1ccc(-n2cc(C(F)(F)F)nc2-c2cc(F)cc(C(F)(F)F)c2)cc1,inactive,67000.0,1,452.04,5.12,0,3,3,51.96,1,False
CS(=O)(=O)c1ccc(-n2cc(C(F)(F)F)nc2-c2cc3ccccc3cn2)cc1,inactive,32000.0,1,417.08,4.51,0,4,3,64.85,0,True
CS(=O)(=O)c1ccc(-n2cc(C(F)(F)F)nc2-c2ccc(Cl)cc2)cc1,inactive,23000.0,1,400.03,4.62,0,3,3,51.96,0,True
CS(=O)(=O)c1ccc(-n2cc(C(F)(F)F)nc2-c2ccc(F)cc2)cc1,inactive,36000.0,1,384.06,4.1,0,3,3,51.96,0,True
CS(=O)(=O)c1ccc(-n2cc(C(F)(F)F)nc2-c2cccc(Cl)c2)cc1,inactive,360000.0,1,400.03,4.62,0,3,3,51.96,0,True
CS(=O)(=O)c1ccc(-n2cc(C(F)(F)F)nc2-c2ccccc2)cc1,inactive,739000.0,2,366.06,3.96,0,3,3,51.96,0,True
CS(=O)(=O)c1ccc(-n2cc(C(F)(F)F)nc2-c2cnc3ccccc3c2)cc1,inactive,82000.0,1,417.08,4.51,0,4,3,64.85,0,True
CS(=O)(=O)c1ccc(-n2cnc(Cl)c2-c2ccc(F)cc2F)cc1,inactive,23800.0,1,368.02,3.87,0,3,3,51.96,0,True
CS(=O)(=O)c1ccc(-n2cnc(Cl)c2-c2ccc3c(c2)CCO3)cc1,active,110.0,1,374.05,3.53,0,4,3,61.19,0,True
CS(=O)(=O)c1ccc(-n2cnc(Cl)c2-c2ccccc2F)cc1,inactive,100000.0,1,350.03,3.74,0,3,3,51.96,0,True
CS(=O)(=O)c1ccc(-n2nc(-c3ccc(Cl)cc3)c3c2CCCCC3)cc1,inactive,10000.0,1,400.1,4.87,0,3,3,51.96,0,True
CS(=O)(=O)c1ccc(-n2nc(C(F)(F)F)cc2-c2ccc(F)cc2)cc1,inactive,32000.0,1,384.06,4.1,0,3,3,51.96,0,True
CS(=O)(=O)c1ccc(-n2nc(COc3cc(F)cc(C#N)c3)cc2-c2ccccc2)cc1,inactive,99560.0,1,447.11,4.53,0,5,6,84.98,0,True
CS(=O)(=O)c1ccc(-n2nc(COc3ccc4c(c3)OCO4)cc2-c2ccccc2)cc1,inactive,15810.0,1,448.11,4.25,0,6,6,79.65,0,True
CS(=O)(=O)c1ccc(-n2nc(COc3cccc(N4CCOCC4)c3)cc2-c2ccccc2)cc1,inactive,38080.0,1,489.17,4.36,0,6,7,73.66,0,True
CS(=O)(=O)c1ccc(-n2nncc2-c2ccc(Cl)cc2)cc1,active,700.0,1,333.03,2.99,0,4,3,64.85,0,True
CS(=O)(=O)c1ccc(-n2nncc2-c2ccc(F)cc2)cc1,active,910.0,1,317.06,2.48,0,4,3,64.85,0,True
CS(=O)(=O)c1ccc(-n2nncc2-c2ccccc2)cc1,active,810.0,1,299.07,2.34,0,4,3,64.85,0,True
CS(=O)(=O)c1ccc(C2=C(/C=C/c3ccc(F)cc3)C(=O)CC2)cc1,inactive,27000.0,1,356.09,4.06,0,3,4,51.21,0,True
CS(=O)(=O)c1ccc(C2=C(C#Cc3ccccc3)C(=O)CC2)cc1,active,710.0,1,336.08,3.26,0,3,2,51.21,0,True
CS(=O)(=O)c1ccc(C2=C(Oc3cc(F)cc(F)c3)C(=O)CC2)cc1,inactive,48350.0,2,364.06,3.52,0,4,4,60.44,0,True
CS(=O)(=O)c1ccc(C2=C(Oc3ccccc3)C(=O)CC2)cc1,inactive,11000.0,1,328.08,3.24,0,4,4,60.44,0,True
CS(=O)(=O)c1ccc(C2=C(c3cc(Br)ccn3)C(=O)CC2)cc1,inactive,18000.0,1,390.99,3.52,0,4,3,64.1,0,True
CS(=O)(=O)c1ccc(C2=C(c3cc(Cl)ccn3)C(=O)CC2)cc1,inactive,30500.0,2,347.04,3.41,0,4,3,64.1,0,True
CS(=O)(=O)c1ccc(C2=C(c3cc(F)cc(F)c3)C(=O)CC2)cc1,inactive,36000.0,2,348.06,3.64,0,3,3,51.21,0,True
CS(=O)(=O)c1ccc(C2=C(c3cc4ccccc4s3)C(=O)CC2)cc1,active,100.0,1,368.05,4.58,0,4,3,51.21,0,True
CS(=O)(=O)c1ccc(C2=C(c3ccc(Cl)c(F)c3)C(=O)CC2)cc1,active,400.0,2,364.03,4.16,0,3,3,51.21,0,True
CS(=O)(=O)c1ccc(C2=C(c3ccc(F)c(Cl)c3)C(=O)CC2)cc1,active,300.0,1,364.03,4.16,0,3,3,51.21,0,True
CS(=O)(=O)c1ccc(C2=C(c3ccc(F)c(F)c3)C(=O)OC2)cc1,inactive,13000.0,3,350.04,2.84,0,4,3,60.44,0,True
CS(=O)(=O)c1ccc(C2=C(c3ccc(F)cc3)CC(CF)(CF)C2)cc1,inactive,58000.0,1,380.11,4.86,0,2,5,34.14,0,True
CS(=O)(=O)c1ccc(C2=C(c3ccc(F)cc3)CCC2)cc1,inactive,30000.0,3,316.09,4.32,0,2,3,34.14,0,True
CS(=O)(=O)c1ccc(C2=C(c3ccc(F)cc3F)CC3(CC3)C2)cc1,active,740.0,1,360.1,4.85,0,2,3,34.14,0,True
CS(=O)(=O)c1ccc(C2=C(c3cccc(F)c3)C(=O)OC2)cc1,inactive,75500.0,2,332.05,2.7,0,4,3,60.44,0,True
CS(=O)(=O)c1ccc(C2=C(c3ccccc3)C(=O)C23CCCC3)cc1,active,500.0,1,352.11,4.14,0,3,3,51.21,0,True
CS(=O)(=O)c1ccc(C2=C(c3ccccc3)C(=O)N(c3ccccc3F)C2)cc1,inactive,10800.0,1,407.1,4.19,0,3,4,54.45,0,True
CS(=O)(=O)c1ccc(C2=C(c3ccccc3)C(=O)OC2)cc1,inactive,19000.0,30,314.06,2.56,0,4,3,60.44,0,True
CS(=O)(=O)c1ccc(C2=C(c3cccnc3)C(=O)CC2)cc1,inactive,53500.0,2,313.08,2.76,0,4,3,64.1,0,True
CS(=O)(=O)c1ccc(C2C(c3ccccc3)=NOC23COc2ccccc2C3=O)cc1,inactive,10460.0,1,433.1,3.62,0,6,3,82.03,0,True
CS(=O)(=O)c1ccc(C2SCC(=O)N2c2ccccc2)cc1,inactive,96100.0,1,333.05,2.87,0,4,3,54.45,0,True
CS(=O)(=O)c1ccc(N2N=C(C(F)(F)F)CC2c2ccc3c(c2)OCCO3)cc1,inactive,64910.0,1,426.09,3.73,0,6,3,68.2,0,True
CS(=O)(=O)c1ccc(N2N=C(C(F)(F)F)CC2c2ccc3c(c2)OCO3)cc1,inactive,57530.0,1,412.07,3.69,0,6,3,68.2,0,True
CS(=O)(=O)c1ccc(N2N=C(C(F)(F)F)CC2c2ccc3ccccc3c2)cc1,inactive,38690.0,1,418.1,5.11,0,4,3,49.74,1,False
CS(=O)(=O)c1ccc(N2N=C(C(F)(F)F)CC2c2cccc3c2OCCO3)cc1,inactive,40610.0,1,426.09,3.73,0,6,3,68.2,0,True
CS(=O)(=O)c1ccc(N2N=C(C(F)(F)F)CC2c2cccc3c2OCO3)cc1,inactive,10760.0,1,412.07,3.69,0,6,3,68.2,0,True
CS(=O)(=O)c1ccc(N2N=C(C(F)(F)F)CC2c2cccc3ccccc23)cc1,inactive,15240.0,1,418.1,5.11,0,4,3,49.74,1,False
CS(=O)(=O)c1ccc2c(c1)c1c(n2C(=O)c2ccc(Cl)cc2)CCCC1,inactive,152000.0,1,387.07,4.27,0,3,2,56.14,0,True
CS(=O)(=O)c1ccc2c(c1)c1c(n2C(=O)c2ccc(Cl)cc2)CCCC1=O,inactive,104000.0,1,401.05,3.91,0,4,2,73.21,0,True
CS(=O)(=O)c1ccc2c(c1)c1c(n2C(=O)c2ccccc2)CCNC1,inactive,24400.0,1,354.1,2.38,1,4,2,68.17,0,True
CS(=O)(=O)c1ccc2c(c1)c1c(n2Cc2ccc(Cl)cc2)CCCC1,inactive,118000.0,1,373.09,4.63,0,2,3,39.07,0,True
CS(=O)(=O)c1ccc2c(c1)c1c(n2Cc2ccc(Cl)cc2)CCCC1=O,inactive,137000.0,1,387.07,4.27,0,3,3,56.14,0,True
CS(=O)(=O)c1ccc2c(c1)c1c(n2S(=O)(=O)c2ccc(Cl)cc2)CCCC1,inactive,120000.0,1,423.04,3.81,0,4,3,73.21,0,True
CS(=O)(=O)c1ccc2c(c1)c1c(n2S(=O)(=O)c2ccc(Cl)cc2)CCCC1=O,inactive,145000.0,1,437.02,3.45,0,5,3,90.28,0,True
CS(=O)(=O)c1cnn(-c2ccc(S(N)(=O)=O)cc2)c1-c1ccc(Cl)cc1,inactive,52000.0,1,411.01,2.24,1,5,4,112.12,0,True
CSC1=NC(=O)/C(=C/c2cc(C(C)(C)C)c(O)c(C(C)(C)C)c2)S1,inactive,14400.0,1,363.13,5.32,1,4,1,49.66,1,False
CSc1cc(N)ccc1/N=N/c1ccc(S(N)(=O)=O)cc1,inactive,23280.0,1,322.06,3.05,2,6,4,110.9,0,True
CSc1ccc(-c2c(-c3ccccc3)nc3sccn23)cc1,active,320.0,1,322.06,5.45,0,3,3,17.3,1,False
CSc1ccc(-c2c(Cl)ncn2-c2ccc(S(C)(=O)=O)cc2)cc1,active,900.0,1,378.03,4.32,0,4,4,51.96,0,True
CSc1ccc(-c2cc(C(C)C(=O)O)ccc2CC2CCCC2=O)cc1,inactive,758000.0,1,368.14,5.18,1,3,6,54.37,1,False
CSc1ccc(-c2cc(CC3CCCC3=O)ccc2C(C)C(=O)O)cc1,inactive,575000.0,1,368.14,5.18,1,3,6,54.37,1,False
CSc1ccc(-c2ccsc2-c2ccc(F)cc2)cc1,active,340.0,1,300.04,5.94,0,2,3,0.0,1,False
CSc1ccc(-c2cn3c(c2-c2ccc(C)cc2)CCC3)cc1,active,30.0,1,319.14,5.8,0,1,3,4.93,1,False
CSc1ccc(-c2nc3sccn3c2-c2ccccc2)cc1,active,78.0,1,322.06,5.45,0,3,3,17.3,1,False
CSc1ccc(/C=C2/C(C)=C(CC(=O)O)c3cc(F)ccc32)cc1,active,401.5,2,340.09,5.35,1,2,4,37.3,1,False
CSc1ccc(/C=C2\C=C(CC(=O)O)c3cc(F)ccc32)cc1,active,958.0,2,326.08,4.96,1,2,4,37.3,0,True
CSc1ccc(C2=C(c3ccc(S(C)(=O)=O)cc3)C(C)(O)OC2=O)cc1,inactive,22500.0,2,390.06,2.99,1,6,4,80.67,0,True
CSc1ccc(C2=C3c4cc(C)ccc4CCC3(O)OC2=O)cc1,inactive,13200.0,1,338.1,3.82,1,4,2,46.53,0,True
CSc1ccc(C2=C3c4cc(C)ccc4CCC3OC2=O)cc1,active,61.0,1,322.1,4.5,0,3,2,26.3,0,True
CSc1ccc(C2=C3c4ccccc4CCC3(O)OC2=O)cc1,inactive,16700.0,1,324.08,3.51,1,4,2,46.53,0,True
CSc1ccc(C2=C3c4ccccc4CCC3OC2=O)cc1,active,53.0,1,308.09,4.19,0,3,2,26.3,0,True
CSc1nc(-c2ccc(Cl)cc2)c(-c2ccc(S(C)(=O)=O)cc2)[nH]1,active,320.0,1,378.03,4.52,1,4,4,62.82,0,True
CSc1nc(-c2ccc(F)cc2)c(-c2ccc(S(C)(=O)=O)cc2)[nH]1,active,210.0,1,362.06,4.01,1,4,4,62.82,0,True
CSc1nc(-c2ccccc2)c(-c2ccc(S(C)(=O)=O)cc2)[nH]1,active,160.0,1,344.07,3.87,1,4,4,62.82,0,True
CSc1nnc(-c2cc(C(C)(C)C)c(O)c(C(C)(C)C)c2)s1,active,180.0,1,336.13,5.23,1,5,2,46.01,1,False
CSc1nnc(-c2nc(C(C)(C)C)c(O)c(C(C)(C)C)n2)s1,active,200.0,1,338.12,4.02,1,7,2,71.79,0,True
C[C@@H](C(=O)O)c1ccc(-c2ccccc2)c(F)c1,inactive,44000.0,1,244.09,3.68,1,1,3,37.3,0,True
C[C@@H](C(=O)O)c1ccc(C[C@H]2CCC[C@@H]2O)cc1,inactive,20200.0,1,248.14,2.58,2,2,4,57.53,0,True
C[C@@H]1CC(=O)[C@]2(CO)[C@H](CCC[C@]23CO3)[C@@]12C[C@@H](c1ccoc1)OC2=O,inactive,40000.0,1,360.16,2.41,1,6,2,89.27,0,True
C[C@@H]1C[C@H]1Cn1ncc(-c2ccc(S(C)(=O)=O)cc2)c(-c2ccc(F)cc2)c1=O,inactive,10000.0,1,412.13,3.78,0,4,5,69.03,0,True
C[C@@H]1OC(O[C@@H]2[C@@H](O)[C@H](OCCc3ccc(O)c(O)c3)O[C@H](CO[C@@H]3OC[C@](O)(CO)[C@H]3O)[C@H]2OC(=O)/C=C/c2ccc(O)c(O)c2)[C@H](O[C@@H]2OC[C@H](O)[C@H](O)[C@H]2O)[C@H](O)[C@H]1O,inactive,1000000.0,1,888.29,-4.09,13,23,15,363.13,3,False
C[C@@]1(C2CO2)CC2CCC3[C@](C)(C(=O)O)CCC[C@@]3(C)[C@@]23O[C@H]3C1,inactive,1000000.0,1,334.21,3.63,1,3,2,62.36,0,True
C[C@H](C(=O)O)c1ccc(C[C@@H]2CCC[C@H]2O)cc1,inactive,27850.0,2,248.14,2.58,2,2,4,57.53,0,True
C[C@H](C(=O)O)c1ccc(C[C@H]2CCC[C@@H]2O)cc1,active,390.0,2,248.14,2.58,2,2,4,57.53,0,True
C[C@H](C(=O)O)c1ccc2c(c1)OCCO2,inactive,13000.0,1,208.07,1.65,1,3,2,55.76,0,True
C[C@H](C(=O)O)c1cccc(C(=O)c2ccccc2)c1,active,3.1914999999999996,2,254.09,3.11,1,2,4,54.37,0,True
C[C@H](CO)Sc1ncc(C(F)(F)F)cc1-c1ccc(S(C)(=O)=O)cc1,inactive,29000.0,1,391.05,3.64,1,5,5,67.26,0,True
C[C@H]1C[C@H]1Cn1ncc(-c2ccc(S(C)(=O)=O)cc2)c(-c2ccc(F)cc2)c1=O,inactive,10000.0,1,412.13,3.78,0,4,5,69.03,0,True
C[C@H]1[C@H](C)CC[C@]2(C(=O)O)CC[C@]3(C)C(=CC[C@@H]4[C@@]5(C)CC[C@H](O)C(C)(C)[C@@H]5CC[C@]43C)[C@H]12,inactive,210000.0,1,456.36,7.09,2,2,1,57.53,1,False
C[C@]1(CC(F)F)CC=C2C(CCC3[C@](C)(C(=O)O)CCC[C@@]23C)C1,inactive,56000.0,1,340.22,5.68,1,1,3,37.3,1,False
C[C@]1(CCF)CC=C2C(CCC3[C@](C)(C(=O)F)CCC[C@@]23C)C1,inactive,18400.0,1,324.23,5.79,0,1,3,17.07,1,False
C[C@]1(CCF)CC=C2C(CCC3[C@](C)(C(=O)O)CCC[C@@]23C)C1,inactive,32400.0,1,322.23,5.38,1,1,3,37.3,1,False
C[S+]([O-])c1ccc(-c2ccsc2-c2ccc(F)cc2)cc1,inactive,15000.0,1,316.04,4.96,0,2,3,23.06,0,True
C[Se](=O)(=O)c1ccc(-c2ccsc2-c2ccc(F)cc2)cc1,inactive,32000.0,1,379.98,4.36,0,3,3,34.14,0,True
Cc1[nH]c2cc(S(C)(=O)=O)ccc2c1Cc1ccc(Cl)cc1,inactive,71100.0,1,333.06,4.12,1,2,3,49.93,0,True
Cc1[nH]c2cc(S(C)(=O)=O)ccc2c1Cc1ccc(F)cc1,inactive,63900.0,1,317.09,3.61,1,2,3,49.93,0,True
Cc1[nH]c2cc(S(C)(=O)=O)ccc2c1Cc1ccc(F)cc1F,inactive,98000.0,1,335.08,3.75,1,2,3,49.93,0,True
Cc1[nH]c2cc(S(C)(=O)=O)ccc2c1Cc1ccccc1Cl,inactive,118000.0,1,333.06,4.12,1,2,3,49.93,0,True
Cc1[nH]c2cc(S(C)(=O)=O)ccc2c1Oc1ccc(Cl)cc1,inactive,12000.0,1,335.04,4.33,1,3,3,59.16,0,True
Cc1[nH]c2cc(S(C)(=O)=O)ccc2c1Oc1ccc(Cl)cc1Cl,inactive,33000.0,1,369.0,4.98,1,3,3,59.16,0,True
Cc1[nH]c2cc(S(C)(=O)=O)ccc2c1Oc1ccc(F)cc1,inactive,37000.0,1,319.07,3.81,1,3,3,59.16,0,True
Cc1[nH]c2cc(S(C)(=O)=O)ccc2c1Oc1ccc(F)cc1F,inactive,33000.0,1,337.06,3.95,1,3,3,59.16,0,True
Cc1[nH]c2cc(S(C)(=O)=O)ccc2c1Sc1ccc(F)cc1,inactive,55700.0,1,335.04,4.17,1,3,3,49.93,0,True
Cc1[nH]c2cc(S(C)(=O)=O)ccc2c1Sc1ccc(F)cc1F,inactive,18200.0,1,353.04,4.31,1,3,3,49.93,0,True
Cc1[nH]c2cc(S(C)(=O)=O)ccc2c1Sc1ccccn1,inactive,30000.0,1,318.05,3.43,1,4,3,62.82,0,True
Cc1c(-c2ccc(Cl)cc2)c(-c2ccccc2)c2n1CC(C)(C)C2=O,active,950.0,1,349.12,6.01,0,1,2,22.0,1,False
Cc1c(-c2nnc(S)n2N=Cc2ccc(F)cc2)cnn1-c1ccc(S(C)(=O)=O)cc1,inactive,20100.0,1,456.08,3.15,1,7,5,95.03,0,True
Cc1c(-c2nnc(S)n2N=Cc2ccc(N(C)C)cc2)cnn1-c1ccccc1,inactive,35990.0,1,403.16,3.68,1,6,5,64.13,0,True
Cc1c(/C=N\O)cc(-c2ccc(S(C)(=O)=O)cc2)n1-c1ccc(F)c(F)c1,inactive,161000.0,1,390.08,3.94,1,4,4,71.66,0,True
Cc1c(Br)cc(-c2ccc(S(C)(=O)=O)cc2)n1-c1ccc(F)cc1,active,800.0,1,407.0,4.76,0,2,3,39.07,0,True
Cc1c(C#N)cc(-c2ccc(S(C)(=O)=O)cc2)n1-c1cccc(F)c1,inactive,50500.0,1,354.08,3.87,0,3,3,62.86,0,True
Cc1c(C(=O)NNC(=O)Nc2ccccc2)sc2nc3ccccc3n12,active,437.3,1,365.09,3.32,3,4,2,87.53,0,True
Cc1c(C(F)(F)F)nn(-c2ccc(S(N)(=O)=O)cc2)c1-c1ccc(Cl)cc1,active,930.0,1,415.04,4.17,1,3,3,77.98,0,True
Cc1c(C(N)C(=O)NCCO)cc(-c2ccc(S(C)(=O)=O)cc2)n1-c1cccc(F)c1,inactive,300000.0,1,445.15,2.1,3,5,7,114.42,0,True
Cc1c(C(N)C(=O)NCCO[N+](=O)[O-])cc(-c2ccc(S(C)(=O)=O)cc2)n1-c1cccc(F)c1,inactive,140000.0,1,490.13,2.32,2,7,9,146.56,0,True
Cc1c(C)c2c(c(C)c1O)CCC(C)(C(=O)O)O2,active,130.0,1,250.12,2.49,2,3,1,66.76,0,True
Cc1c(C=O)cc(-c2ccc(S(C)(=O)=O)cc2)n1-c1ccc(F)c(F)c1,inactive,71400.0,1,375.07,3.95,0,3,4,56.14,0,True
Cc1c(CC(=O)NCCO[N+](=O)[O-])cc(-c2ccc(S(C)(=O)=O)cc2)n1-c1ccc(F)cc1,active,600.0,1,475.12,2.86,1,6,9,120.54,0,True
Cc1c(CC(=O)O)c2cc(O)ccc2n1C(=O)c1ccc(Cl)cc1,inactive,15600.0,1,343.06,3.62,2,3,3,79.53,0,True
Cc1c(CC(=O)O)c2ccccc2n1C(=O)c1ccc(Cl)cc1,active,10.0,1,327.07,3.92,1,2,3,59.3,0,True
Cc1c(CC(=O)O)cc(-c2ccc(S(C)(=O)=O)cc2)n1-c1cccc(F)c1,inactive,125000.0,1,387.09,3.62,1,3,5,76.37,0,True
Cc1c(CC(=O)O)cc(-c2ccc(S(C)(=O)=O)cc2)n1-c1ccccc1,inactive,132000.0,1,369.1,3.48,1,3,5,76.37,0,True
Cc1c(CC(=O)O)cc(-c2ccccc2)cc1-c1ccccc1,inactive,17000.0,1,302.13,4.96,1,1,4,37.3,0,True
Cc1c(CC(=O)OC(C)C)cc(-c2ccc(S(C)(=O)=O)cc2)n1-c1cccc(F)c1,inactive,24000.0,1,429.14,4.49,0,4,6,65.37,0,True
Cc1c(CC(=O)OC(C)C)cc(-c2ccc(S(C)(=O)=O)cc2)n1-c1ccccc1,inactive,20000.0,1,411.15,4.35,0,4,6,65.37,0,True
Cc1c(CC(=O)OCCO)cc(-c2ccc(S(C)(=O)=O)cc2)n1-c1cccc(F)c1,inactive,12200.0,1,431.12,3.07,1,5,7,85.6,0,True
Cc1c(CCOCCO)cc(-c2ccc(S(C)(=O)=O)cc2)n1-c1ccc(F)cc1,inactive,20000.0,1,417.14,3.55,1,4,8,68.53,0,True
Cc1c(CCOCCO[N+](=O)[O-])cc(-c2ccc(S(C)(=O)=O)cc2)n1-c1ccc(F)cc1,inactive,31240.0,1,462.13,3.76,0,6,10,100.67,0,True
Cc1c(Cl)cc2c(c1C)OC(C(F)(F)F)C(C(=O)O)=C2,inactive,36300.0,1,306.03,3.75,1,2,1,46.53,0,True
Cc1c(Cl)cc2c(c1C)O[C@@H](C(F)(F)F)C(C(=O)O)=C2,inactive,100000.0,1,306.03,3.75,1,2,1,46.53,0,True
Cc1c(Cl)cccc1Nc1ccccc1C(=O)NCCc1c[nH]c2ccccc12,inactive,14540.0,1,403.15,5.85,3,2,6,56.92,1,False
Cc1c2c(c(C)n1-c1cccc(Cl)c1)C(=O)N(CN1CCN(S(C)(=O)=O)CC1)C2=O,inactive,180700.0,1,450.11,1.88,0,5,4,82.93,0,True
Cc1c2c(c(C)n1-c1cccc(Cl)c1)C(=O)N(CN1CCN(c3ccccc3)CC1)C2=O,inactive,132100.0,1,448.17,4.12,0,4,4,48.79,0,True
Cc1c2c(c(C)n1-c1cccc(Cl)c1)C(=O)N(CN1CCN(c3ccccc3F)CC1)C2=O,inactive,103800.0,1,466.16,4.26,0,4,4,48.79,0,True
Cc1c2c(c(C)n1-c1ccccc1)C(=O)N(CN1CCN(S(C)(=O)=O)CC1)C2=O,inactive,141800.0,1,416.15,1.22,0,5,4,82.93,0,True
Cc1c2c(c(C)n1-c1ccccc1)C(=O)N(CN1CCN(c3ccccc3)CC1)C2=O,inactive,129600.0,1,414.21,3.47,0,4,4,48.79,0,True
Cc1cc(-c2cc(C(F)(F)F)nn2-c2ccc(S(N)(=O)=O)cc2)cc2c1OCO2,inactive,674000.0,1,425.07,3.24,1,5,3,96.44,0,True
Cc1cc(-c2nc(C(F)(F)F)cn2-c2ccc(S(C)(=O)=O)cc2)ccc1F,inactive,24100.0,1,398.07,4.41,0,3,3,51.96,0,True
Cc1cc(=O)c(-c2ccc(Cl)c(Cl)c2)c(-c2ccc(S(C)(=O)=O)cc2)o1,inactive,37084.035,2,408.0,4.99,0,4,3,64.35,0,True
Cc1cc(=O)c(Oc2ccc(Br)cc2)c(-c2ccc(S(C)(=O)=O)cc2)o1,inactive,119007.265,2,433.98,4.57,0,5,4,73.58,0,True
Cc1cc(=O)c(Oc2ccc(Br)cc2Cl)c(-c2ccc(S(C)(=O)=O)cc2)o1,inactive,35198.270000000004,2,467.94,5.23,0,5,4,73.58,1,False
Cc1cc(=O)c(Oc2ccc(Br)cc2F)c(-c2ccc(S(C)(=O)=O)cc2)o1,inactive,22801.71,2,451.97,4.71,0,5,4,73.58,0,True
Cc1cc(=O)c(Oc2ccc(Cl)cc2)c(-c2ccc(S(C)(=O)=O)cc2)o1,inactive,207007.065,2,390.03,4.46,0,5,4,73.58,0,True
Cc1cc(=O)c(Oc2ccc(Cl)cc2C)c(-c2ccc(S(C)(=O)=O)cc2)o1,inactive,36579.740000000005,2,404.05,4.77,0,5,4,73.58,0,True
Cc1cc(=O)c(Oc2ccc(Cl)cc2F)c(-c2ccc(S(C)(=O)=O)cc2)o1,inactive,18800.91,2,408.02,4.6,0,5,4,73.58,0,True
Cc1cc(=O)c(Oc2ccc(F)cc2C)c(-c2ccc(S(C)(=O)=O)cc2)o1,inactive,21199.125,2,388.08,4.26,0,5,4,73.58,0,True
Cc1cc(=O)c(Oc2ccc(F)cc2F)c(-c2ccc(S(C)(=O)=O)cc2)o1,inactive,22299.875,2,392.05,4.09,0,5,4,73.58,0,True
Cc1cc(=O)c(Oc2ccccc2C)c(-c2ccc(S(C)(=O)=O)cc2)o1,inactive,22801.71,2,370.09,4.12,0,5,4,73.58,0,True
Cc1cc(=O)c2c(O)c(O)c(O)cc2o1,inactive,14380.0,1,208.04,1.22,3,5,0,90.9,0,True
Cc1cc(C)c2c(=O)n(CC(=O)N3CCN(c4cccc(Cl)c4)CC3)sc2n1,inactive,301843.385,2,416.11,3.08,0,5,3,58.44,0,True
Cc1cc(C)c2c(=O)n(CCC(=O)N3CCN(c4cccc(Cl)c4)CC3)sc2n1,inactive,211935.04499999998,2,430.12,3.47,0,5,4,58.44,0,True
Cc1cc(C)c2c(=O)n(CCC(=O)N3CCN(c4ccccc4)CC3)sc2n1,inactive,188212.185,2,396.16,2.81,0,5,4,58.44,0,True
Cc1cc(C)c2c(=O)n(CCCC(=O)N3CCN(c4cccc(Cl)c4)CC3)sc2n1,inactive,546917.615,2,444.14,3.86,0,5,5,58.44,0,True
Cc1cc(C)c2c(=O)n(CCCC(=O)N3CCN(c4ccccc4)CC3)sc2n1,inactive,306113.4,2,410.18,3.2,0,5,5,58.44,0,True
Cc1cc(C)c2c(=O)n(CCCC(=O)O)sc2n1,inactive,215092.22999999998,2,266.07,1.94,1,4,4,72.19,0,True
Cc1cc(C)c2c(=O)n(CCCN3CCN(c4cccc(Cl)c4)CC3)sc2n1,inactive,670203.73,2,416.14,3.94,0,5,5,41.37,0,True
Cc1cc(C)c2c(=O)n(CN(C)CCNc3ccccc3)sc2n1,inactive,196340.03999999998,2,342.15,3.08,1,5,6,50.16,0,True
Cc1cc(C)c2c(=O)n(CN3CCN(C4CCCCC4)CC3)sc2n1,inactive,660693.45,1,360.2,2.98,0,5,3,41.37,0,True
Cc1cc(C)c2c(=O)n(CN3CCN(c4ccccc4F)CC3)sc2n1,inactive,148826.875,2,372.14,2.99,0,5,3,41.37,0,True
Cc1cc(C)c2c(OC(C)C(=O)O)nsc2n1,inactive,199462.185,2,252.06,2.16,1,5,3,72.31,0,True
Cc1cc(C)c2c(OCCCC(=O)N3CCN(c4cccc(Cl)c4)CC3)nsc2n1,inactive,599194.7,2,444.14,4.47,0,6,6,58.56,0,True
Cc1cc(C)c2c(OCCCC(=O)N3CCN(c4ccccc4)CC3)nsc2n1,inactive,1548816.62,1,410.18,3.82,0,6,6,58.56,0,True
Cc1cc(C)c2c(OCCCC(=O)O)nsc2n1,inactive,215185.04499999998,2,266.07,2.55,1,5,5,72.31,0,True
Cc1cc(C)c2c(c1)C=C(C(=O)O)C(C(F)(F)F)O2,inactive,169000.0,1,272.07,3.09,1,2,1,46.53,0,True
Cc1cc(C)c2c(c1)C=C(C(=O)O)[C@@H](C(F)(F)F)O2,inactive,100000.0,1,272.07,3.09,1,2,1,46.53,0,True
Cc1cc(C)cc(Nc2cnccc2NS(C)(=O)=O)c1,inactive,14930.0,1,291.1,2.81,2,4,4,71.09,0,True
Cc1cc(Cl)cc2c1OC(C(F)(F)F)C(C(=O)O)=C2,active,470.0,1,292.01,3.44,1,2,1,46.53,0,True
Cc1cc(F)cc(-c2nc(C(F)(F)F)cn2-c2ccc(S(N)(=O)=O)cc2)c1,inactive,82000.0,1,399.07,3.65,1,3,3,77.98,0,True
Cc1cc(OC(F)(F)F)cc2c1OC(C(F)(F)F)C(C(=O)O)=C2,active,140.0,1,342.03,3.68,1,3,2,55.76,0,True
Cc1cc(OC(F)(F)F)cc2c1O[C@@H](C(F)(F)F)C(C(=O)O)=C2,inactive,62700.0,1,342.03,3.68,1,3,2,55.76,0,True
Cc1cc2c(c(C)c1Cl)C=C(C(=O)O)C(C(F)(F)F)O2,inactive,29800.0,1,306.03,3.75,1,2,1,46.53,0,True
Cc1cc2c(c(C)c1Cl)C=C(C(=O)O)[C@H](C(F)(F)F)O2,inactive,30800.0,1,306.03,3.75,1,2,1,46.53,0,True
Cc1cc2c(cc1F)-c1c(c(C(F)(F)F)nn1-c1ccc(S(N)(=O)=O)cc1)SC2,inactive,11099.705,2,443.04,4.26,1,4,2,77.98,0,True
Cc1ccc(-c2c(-c3ccc(S(C)(=O)=O)cc3)cn3c2CCC3)cc1,active,700.0,1,351.13,4.48,0,2,3,39.07,0,True
Cc1ccc(-c2c(-c3ccc(S(N)(=O)=O)cc3)ccc(F)c2F)cc1,inactive,16982.44,1,359.08,4.25,1,2,3,60.16,0,True
Cc1ccc(-c2c(-c3ccc(S(N)(=O)=O)cc3)ccc(F)c2F)cc1C,inactive,14791.08,1,373.09,4.56,1,2,3,60.16,0,True
Cc1ccc(-c2c(-c3ccc(S(N)(=O)=O)cc3)ccc(F)c2F)cc1Cl,inactive,16595.87,1,393.04,4.91,1,2,3,60.16,0,True
Cc1ccc(-c2cc(-c3cccs3)n3nc(N)c(/N=N/c4ccc(O)cc4)c3n2)cc1,active,757.51,1,426.13,6.14,2,7,4,101.16,1,False
Cc1ccc(-c2cc(C(=O)N/N=C/c3c(Cl)c4ccccc4oc3=O)nn2-c2ccc(S(N)(=O)=O)cc2)c(C)c1,inactive,39450.0,1,575.1,4.33,2,7,6,149.65,1,False
Cc1ccc(-c2cc(C(=O)N/N=C/c3c(Cl)c4ccccc4oc3=O)nn2-c2ccc(S(N)(=O)=O)cc2)cc1,inactive,89530.0,1,561.09,4.02,2,7,6,149.65,1,False
Cc1ccc(-c2cc(C(C)C(=O)O)ccc2CC2CCCC2=O)cc1,inactive,56000.0,1,336.17,4.76,1,2,5,54.37,0,True
Cc1ccc(-c2cc(C(F)(F)F)nn2-c2ccc(S(=O)(=O)NC(=O)C(C)c3ccc(CC(C)C)cc3)cc2)cc1,active,25.0,1,569.2,6.67,1,4,8,81.06,2,False
Cc1ccc(-c2cc(C(F)(F)F)nn2-c2ccc(S(=O)(=O)NC(=O)CCCCC3CCSS3)cc2)cc1,active,370.0,1,569.11,6.39,1,6,9,81.06,2,False
Cc1ccc(-c2cc(C(F)(F)F)nn2-c2ccc(S(=O)(=O)NC(=O)c3ccccc3)cc2)cc1,active,76.0,1,485.1,4.99,1,4,5,81.06,0,True
Cc1ccc(-c2cc(C(F)(F)F)nn2-c2ccc(S(N)(=O)=O)cc2)c(C)c1,inactive,81800.0,1,395.09,3.82,1,3,3,77.98,0,True
Cc1ccc(-c2cc(C(F)(F)F)nn2-c2ccc(S(N)(=O)=O)cc2)cc1,inactive,14000.0,97,381.08,3.51,1,3,3,77.98,0,True
Cc1ccc(-c2cc(C(F)F)nn2-c2ccc(S(N)(=O)=O)cc2)cc1,inactive,12500.0,1,363.09,3.43,1,3,4,77.98,0,True
Cc1ccc(-c2cc(CC3CCCC3=O)ccc2C(C)C(=O)O)cc1,inactive,470000.0,1,336.17,4.76,1,2,5,54.37,0,True
Cc1ccc(-c2cc(CCC(=O)N3CCN(Cc4ccc(C(C)(C)C)cc4)CC3)nn2-c2ccc3ccccc3n2)cc1,active,41.0,1,571.33,6.97,0,4,7,54.26,2,False
Cc1ccc(-c2cc(CCC(=O)Oc3ccc(C(C)C)cc3)nn2-c2ccc3ccccc3n2)cc1,active,14.0,1,475.23,7.06,0,4,7,57.01,1,False
Cc1ccc(-c2cc(CCC(=O)Oc3ccc(C(C)C)cc3)nn2-c2ccccc2)cc1,active,300.0,1,424.22,6.51,0,3,7,44.12,1,False
Cc1ccc(-c2cc(COC(=O)COc3cc(O)c4c(=O)cc(-c5ccccc5)oc4c3)nn2-c2ccc(C)cc2)cc1,inactive,41240.0,1,572.19,6.76,1,7,8,103.79,2,False
Cc1ccc(-c2cc(COC(=O)COc3cc(O)c4c(=O)cc(-c5ccccc5)oc4c3)nn2-c2ccc(Cl)cc2)cc1,inactive,40930.0,1,592.14,7.1,1,7,8,103.79,2,False
Cc1ccc(-c2cc(COC(=O)COc3cc(O)c4c(=O)cc(-c5ccccc5)oc4c3)nn2-c2ccccc2)cc1,inactive,45040.0,1,558.18,6.45,1,7,8,103.79,2,False
Cc1ccc(-c2cc(Cl)cc3c2OC(C(F)(F)F)C(C(=O)O)=C3)cc1F,inactive,24700.0,1,386.03,5.25,1,2,2,46.53,1,False
Cc1ccc(-c2cc(F)c(F)cc2-c2ccc(S(N)(=O)=O)cc2)cc1,inactive,17000.0,1,359.08,4.25,1,2,3,60.16,0,True
Cc1ccc(-c2cc(F)c(F)cc2-c2ccc(S(N)(=O)=O)cc2)cc1C,inactive,14600.0,1,373.09,4.56,1,2,3,60.16,0,True
Cc1ccc(-c2cc(F)c(F)cc2-c2ccc(S(N)(=O)=O)cc2)cc1Cl,inactive,16500.0,1,393.04,4.91,1,2,3,60.16,0,True
Cc1ccc(-c2cc(F)c(F)cc2-c2ccc(S(N)(=O)=O)cc2)cn1,inactive,265000.0,1,360.07,3.65,1,3,3,73.05,0,True
Cc1ccc(-c2cn(-c3ccc(S(C)(=O)=O)cc3)nn2)cc1,inactive,45000.0,1,313.09,2.65,0,4,3,64.85,0,True
Cc1ccc(-c2cnnn2-c2ccc(S(C)(=O)=O)cc2)cc1,active,780.0,1,313.09,2.65,0,4,3,64.85,0,True
Cc1ccc(-c2nc(C(F)(F)F)cn2-c2ccc(S(C)(=O)=O)cc2)cc1,inactive,25950.0,2,380.08,4.27,0,3,3,51.96,0,True
Cc1ccc(-c2nc(C(F)(F)F)cn2-c2ccc(S(C)(=O)=O)cc2)cc1C,inactive,30000.0,1,394.1,4.58,0,3,3,51.96,0,True
Cc1ccc(-c2nc(C(F)(F)F)cn2-c2ccc(S(C)(=O)=O)cc2)cc1Cl,inactive,12000.0,1,414.04,4.92,0,3,3,51.96,0,True
Cc1ccc(-c2nc(C(F)(F)F)cn2-c2ccc(S(N)(=O)=O)cc2)cc1Cl,active,570.0,1,415.04,4.17,1,3,3,77.98,0,True
Cc1ccc(-c2nc(C(F)(F)F)cn2-c2ccc(S(N)(=O)=O)cc2)cn1,inactive,89000.0,1,382.07,2.91,1,4,3,90.87,0,True
Cc1ccc(-c2nc(C(F)(F)F)cn2-c2ccc(S(N)(=O)=O)cc2)nc1,inactive,302000.0,1,382.07,2.91,1,4,3,90.87,0,True
Cc1ccc(-c2ncc(Cl)cc2-c2ccc(S(C)(=O)=O)cc2)cn1,inactive,93800.0,3,358.05,4.18,0,4,3,59.92,0,True
Cc1ccc(-c2ncc(Cl)cc2-c2ccc(S(N)(=O)=O)cc2)cn1,active,800.0,1,359.05,3.42,1,4,3,85.94,0,True
Cc1ccc(-c2nn(-c3ccccc3)cc2C2N[C@H](C(=O)O)CS2)cc1,inactive,96220.0,1,365.12,3.64,2,4,4,67.15,0,True
Cc1ccc(-n2c(-c3ccc(Br)cc3)cs/c2=N\N=C/c2cn(-c3ccc(S(=O)(=O)/N=C/N(C)C)cc3)nc2-c2ccccc2)cc1,inactive,96250.0,1,723.11,7.34,0,6,9,97.21,2,False
Cc1ccc(-n2c(-c3ccc(S(C)(=O)=O)cc3)coc2=O)cc1,inactive,11593.885,2,329.07,2.81,0,4,3,69.28,0,True
Cc1ccc(-n2c(-c3ccc(S(N)(=O)=O)cc3)c(C)oc2=O)cc1,inactive,43475.509999999995,2,344.08,2.36,1,4,3,95.3,0,True
Cc1ccc(-n2c(-c3ccc(S(N)(=O)=O)cc3)coc2=O)cc1,inactive,10894.65,2,330.07,2.05,1,4,3,95.3,0,True
Cc1ccc(-n2cc(CSc3nc4ccccc4o3)nn2)cc1C,inactive,140450.0,1,336.1,4.32,0,5,4,56.74,0,True
Cc1ccc(-n2nc(C(=O)OCc3c(-c4ccccc4)no[n+]3[O-])nc2CCl)cc1,inactive,50000.0,1,425.09,2.96,0,7,6,109.98,0,True
Cc1ccc(-n2nc(C(F)(F)F)cc2-c2ccc(S(=O)(=O)Nc3ccc([18F])cc3)cc2)cc1,inactive,100000.0,1,474.1,5.81,1,3,5,63.99,1,False
Cc1ccc(-n2nc(COC(=O)COc3cc(O)c4c(=O)cc(-c5ccccc5)oc4c3)cc2-c2ccc(Br)cc2)cc1,inactive,39450.0,1,636.09,7.21,1,7,8,103.79,2,False
Cc1ccc(-n2nc(COC(=O)COc3cc(O)c4c(=O)cc(-c5ccccc5)oc4c3)cc2-c2ccc(C(F)(F)F)cc2)cc1,inactive,29740.0,1,626.17,7.47,1,7,8,103.79,2,False
Cc1ccc(-n2nc(COC(=O)COc3cc(O)c4c(=O)cc(-c5ccccc5)oc4c3)cc2-c2ccc(Cl)c(Cl)c2)cc1,inactive,27890.0,1,626.1,7.76,1,7,8,103.79,2,False
Cc1ccc(-n2nc(COC(=O)COc3cc(O)c4c(=O)cc(-c5ccccc5)oc4c3)cc2-c2ccc(F)cc2)cc1,inactive,30160.0,1,576.17,6.59,1,7,8,103.79,2,False
Cc1ccc(-n2nc(COC(=O)COc3cc(O)c4c(=O)cc(-c5ccccc5)oc4c3)cc2-c2ccc([N+](=O)[O-])cc2)cc1,inactive,44820.0,1,603.16,6.36,1,9,9,146.93,2,False
Cc1ccc(-n2nc(COC(=O)COc3cc(O)c4c(=O)cc(-c5ccccc5)oc4c3)cc2-c2cccc(C)c2)cc1,inactive,32160.0,1,572.19,6.76,1,7,8,103.79,2,False
Cc1ccc(-n2nc(COC(=O)COc3cc(O)c4c(=O)cc(-c5ccccc5)oc4c3)cc2-c2cccc(Cl)c2)cc1,inactive,49640.0,1,592.14,7.1,1,7,8,103.79,2,False
Cc1ccc(/C=N/c2ccc(S(N)(=O)=O)cc2)cc1,inactive,190470.0,1,274.08,2.39,1,3,3,72.52,0,True
Cc1ccc(/N=C/c2ccc(S(N)(=O)=O)cc2)cc1,inactive,63220.0,1,274.08,2.39,1,3,3,72.52,0,True
Cc1ccc(C(=O)c2ccc(CC(=O)O)n2C)cc1,active,195.5,2,257.11,2.19,1,2,4,59.3,0,True
Cc1ccc(C(C)C)c(O)c1/C=N/N=C1/SC(CC(=O)O)C(=O)N1c1cccc2ccccc12,active,200.0,1,475.16,5.29,2,6,6,102.56,1,False
Cc1ccc(C2=C(c3ccc(F)cc3)C(=O)OC2)cc1,active,780.0,1,268.09,3.6,0,2,2,26.3,0,True
Cc1ccc(C2=NN(C3=NC(=O)CS3)C(c3ccc(Cl)cc3)C2)cc1C,inactive,48600.0,1,383.09,4.74,0,4,2,45.03,0,True
Cc1ccc(C2=NN(C3=NC(=O)CS3)C(c3ccc(F)cc3)C2)cc1C,inactive,40800.0,1,367.12,4.22,0,4,2,45.03,0,True
Cc1ccc(C2=NN(C3=NC(=O)CS3)C(c3ccccc3)C2)cc1C,inactive,42400.0,1,349.12,4.08,0,4,2,45.03,0,True
Cc1ccc(C2=NN(C3=NC(=O)CS3)C(c3ccccc3C)C2)cc1C,inactive,47200.0,1,363.14,4.39,0,4,2,45.03,0,True
Cc1ccc(C2=NN(C3=NC(=O)CS3)C(c3ccccc3Cl)C2)cc1C,inactive,44100.0,1,383.09,4.74,0,4,2,45.03,0,True
Cc1ccc(C2C3CCc4ccccc4C3=NN2c2ccc(S(N)(=O)=O)cc2)cc1,inactive,88380.0,1,417.15,4.17,1,4,3,75.76,0,True
Cc1ccc(C2CC(c3ccc(C)c(C)c3)=NN2C2=NC(=O)CS2)cc1,inactive,45300.0,1,363.14,4.39,0,4,2,45.03,0,True
Cc1ccc(C2CC(c3ccc(Cl)c(Cl)c3)=NN2C2=NC(=O)CS2)cc1,inactive,44300.0,1,403.03,5.08,0,4,2,45.03,1,False
Cc1ccc(COc2ccc3c(c2)c(SC(C)(C)C)c(CC(C)(C)C(=O)O)n3Cc2ccc(-c3cc(C(F)(F)F)ccn3)cc2)nc1,inactive,18000.0,1,661.26,9.6,1,5,10,77.24,2,False
Cc1ccc(Cl)c(Nc2ccccc2C(=O)O)c1Cl,active,211.5,2,295.02,4.74,2,2,3,49.33,0,True
Cc1ccc(N2C(=O)CS/C2=N\N=C/c2cn(-c3ccc(S(=O)(=O)/N=C/N(C)C)cc3)nc2-c2ccccc2)cc1,inactive,87120.0,1,585.16,4.6,0,7,8,112.59,1,False
Cc1ccc(N2C(=O)CSC2c2ccc(S(C)(=O)=O)cc2)cc1,inactive,53900.0,1,347.06,3.18,0,4,3,54.45,0,True
Cc1ccc(Nc2c(F)cccc2Cl)c(CC(=O)O)c1,active,7.0,1,293.06,4.16,2,2,4,49.33,0,True
Cc1ccc(Nc2c(F)cccc2Cl)c(CNS(=O)(=O)C(F)(F)F)c1,inactive,16100.0,1,396.03,4.47,2,3,5,58.2,0,True
Cc1ccc(Nc2c(F)cccc2Cl)c(CNc2nnn[nH]2)c1,inactive,13200.0,1,332.1,3.66,3,5,5,78.52,0,True
Cc1ccc(Nc2cnccc2NS(=O)(=O)C(F)(F)F)cc1,active,170.0,1,331.06,3.4,2,4,4,71.09,0,True
Cc1ccc(Nc2cnccc2NS(=O)(=O)C(F)(F)F)cc1C,active,710.0,1,345.08,3.7,2,4,4,71.09,0,True
Cc1ccc(OCC(=O)NNC(=O)/C=C/c2ccc(O)c(O)c2)c(C)c1,inactive,107440.0,1,356.14,1.95,4,5,5,107.89,0,True
Cc1ccc(Oc2c(-c3ccc(S(C)(=O)=O)cc3)oc(C)cc2=O)c(Cl)c1,inactive,16597.934999999998,2,404.05,4.77,0,5,4,73.58,0,True
Cc1ccc(Oc2c(-c3ccc(S(C)(=O)=O)cc3)oc(C)cc2=O)cc1,inactive,39001.59,2,370.09,4.12,0,5,4,73.58,0,True
Cc1ccc(S(=O)(=O)N/N=C/c2coc3ccccc3c2=O)cc1,inactive,150450.0,1,342.07,2.41,1,5,4,88.74,0,True
Cc1ccc(S(=O)(=O)N2N=C(C(F)(F)F)CC2c2cccc3c2OCCO3)cc1,inactive,15370.0,1,426.09,3.82,0,5,3,68.2,0,True
Cc1ccc(S(=O)(=O)N2N=C(C(F)(F)F)CC2c2cccc3c2OCO3)cc1,inactive,10360.0,1,412.07,3.78,0,5,3,68.2,0,True
Cc1ccc(S(=O)(=O)N2N=C(C(F)(F)F)CC2c2cccc3ccccc23)cc1,inactive,152600.0,1,418.1,5.2,0,3,3,49.74,1,False
Cc1ccc(S(=O)(=O)NC(=O)c2cccc(C(=O)NS(=O)(=O)c3ccc(C)cc3)n2)cc1,inactive,39800.0,1,473.07,1.94,2,7,6,139.37,0,True
Cc1ccc(Sc2ccccc2N2CCNCC2)c(C)c1,active,5.19,1,298.15,3.86,1,3,3,15.27,0,True
Cc1ccc2c(-c3ccc(S(C)(=O)=O)cc3)c(-c3ccccc3)nn2n1,inactive,43900.0,1,363.1,3.78,0,4,3,64.33,0,True
Cc1ccc2c(c1)C=C(C(=O)O)C(C(F)(F)F)O2,inactive,224000.0,1,258.05,2.79,1,2,1,46.53,0,True
Cc1ccc2c(c1)CSc1c(C(F)(F)F)nn(-c3ccc(S(N)(=O)=O)cc3)c1-2,active,789.975,2,425.05,4.12,1,4,2,77.98,0,True
Cc1ccc2c(c1)c(-c1ccnc3cc(Cl)ccc13)c(C)n2CC(=O)O,active,400.0,1,364.1,5.21,1,2,3,55.12,1,False
Cc1ccc2c(c1)oc(=O)n2Cc1cn(-c2ccc(Cl)cc2)nn1,inactive,389200.0,1,340.07,3.19,0,4,3,65.85,0,True
Cc1ccc2c(c1)oc(=O)n2Cc1cn(-c2ccc(F)cc2)nn1,inactive,174720.0,1,324.1,2.67,0,4,3,65.85,0,True
Cc1ccc2c(c1)oc(=O)n2Cc1cn(-c2ccccc2Cl)nn1,inactive,207360.0,1,340.07,3.19,0,4,3,65.85,0,True
Cc1ccc2oc(=O)n(Cc3cn(-c4ccc(Br)cc4)nn3)c2c1,inactive,188200.0,1,384.02,3.29,0,4,3,65.85,0,True
Cc1cccc(-c2c(-c3ccc(S(C)(=O)=O)cc3)sc3nc(C(F)(F)F)nn23)c1,active,610.0,1,437.05,4.86,0,5,3,64.33,0,True
Cc1cccc(-c2cc(C(=O)N/N=C/c3c(Cl)c4ccccc4oc3=O)nn2-c2ccc(S(N)(=O)=O)cc2)c1,inactive,48210.0,1,561.09,4.02,2,7,6,149.65,1,False
Cc1cccc(-c2cc(C(F)(F)F)nn2-c2ccc(S(N)(=O)=O)cc2)c1,inactive,18100.0,1,381.08,3.51,1,3,3,77.98,0,True
Cc1cccc(-c2cc(COC(=O)COc3cc(O)c4c(=O)cc(-c5ccccc5)oc4c3)nn2-c2ccc(Cl)cc2)c1,inactive,27620.0,1,592.14,7.1,1,7,8,103.79,2,False
Cc1cccc(-c2cc(COC(=O)COc3cc(O)c4c(=O)cc(-c5ccccc5)oc4c3)nn2-c2ccccc2)c1,inactive,39120.0,1,558.18,6.45,1,7,8,103.79,2,False
Cc1cccc(-c2nc(C(F)(F)F)cn2-c2ccc(S(C)(=O)=O)cc2)c1,inactive,84000.0,2,380.08,4.27,0,3,3,51.96,0,True
Cc1cccc(-n2c(-c3ccc(S(N)(=O)=O)cc3)c(C)oc2=O)c1,inactive,16902.205,2,344.08,2.36,1,4,3,95.3,0,True
Cc1cccc(/C=C/C2=NN(c3ccc(F)cc3)C(=O)CC2)c1,active,210.0,1,308.13,4.33,0,2,3,32.67,0,True
Cc1cccc(/C=C/C2=NNC(=O)CC2)c1,active,450.0,1,214.11,2.27,1,2,2,41.46,0,True
Cc1cccc(/C=C/c2ccc(=O)[nH]n2)c1,active,370.0,1,212.09,2.25,1,2,2,45.75,0,True
Cc1cccc(/C=C/c2ccc(=O)n(-c3ccc(F)cc3)n2)c1,active,240.0,1,306.12,3.85,0,2,3,34.89,0,True
Cc1cccc(/N=C/c2coc3ccccc3c2=O)c1,inactive,1000000.0,1,263.09,3.85,0,3,2,42.57,0,True
Cc1cccc(C2C3CCc4ccccc4C3=NN2c2ccc(S(N)(=O)=O)cc2)c1,inactive,91520.0,1,417.15,4.17,1,4,3,75.76,0,True
Cc1cccc(Nc2ccccc2C(=O)O)c1C,inactive,12558.0,2,241.11,3.75,2,2,3,49.33,0,True
Cc1cccc(Nc2cnccc2NS(=O)(=O)C(F)(F)F)c1,active,990.0,1,331.06,3.4,2,4,4,71.09,0,True
Cc1cccc2[nH]c(C3CCCN(C(=O)c4ccccc4NCC(=O)O)C3)nc12,inactive,11680.0,1,392.18,3.39,3,4,5,98.32,0,True
Cc1ccccc1-c1c(Cl)ccc2c1C=C(C(=O)O)C(C(F)(F)F)O2,active,370.0,1,368.04,5.11,1,2,2,46.53,1,False
Cc1ccccc1-c1cc(C(F)(F)F)nn1-c1ccc(S(N)(=O)=O)cc1,inactive,33900.0,1,381.08,3.51,1,3,3,77.98,0,True
Cc1ccccc1-c1nc(C(F)(F)F)cn1-c1ccc(S(C)(=O)=O)cc1,inactive,683000.0,2,380.08,4.27,0,3,3,51.96,0,True
Cc1ccccc1-n1c(-c2ccc(S(N)(=O)=O)cc2)coc1=O,inactive,28986.72,2,330.07,2.05,1,4,3,95.3,0,True
Cc1ccccc1-n1cc(CSc2nc3ccccc3o2)nn1,inactive,132320.0,1,322.09,4.01,0,5,4,56.74,0,True
Cc1ccccc1C1C2CCc3ccccc3C2=NN1c1ccc(S(N)(=O)=O)cc1,inactive,99870.0,1,417.15,4.17,1,4,3,75.76,0,True
Cc1ccccc1C1C2COc3ccccc3C2=NN1c1ccc(S(N)(=O)=O)cc1,inactive,59360.0,1,419.13,3.62,1,5,3,84.99,0,True
Cc1ccccc1C1CC(c2ccc(Cl)c(Cl)c2)=NN1C1=NC(=O)CS1,inactive,45600.0,1,403.03,5.08,0,4,2,45.03,1,False
Cc1ccccc1Nc1cnccc1NS(=O)(=O)C(F)(F)F,active,480.0,1,331.06,3.4,2,4,4,71.09,0,True
Cc1ccccc1Nc1cnccc1NS(C)(=O)=O,active,560.0,1,277.09,2.51,2,4,4,71.09,0,True
Cc1cccnc1-c1nc(C(F)(F)F)cn1-c1ccc(S(N)(=O)=O)cc1,inactive,338000.0,1,382.07,2.91,1,4,3,90.87,0,True
Cc1ccnc(-c2nc(C(F)(F)F)cn2-c2ccc(S(N)(=O)=O)cc2)c1,inactive,84000.0,1,382.07,2.91,1,4,3,90.87,0,True
Cc1ccnc(C(=O)c2[nH]c3cc(F)ccc3c2CC(=O)O)c1,inactive,17174.5,2,312.09,2.87,2,3,4,83.05,0,True
Cc1ccnc(C(=O)c2[nH]c3ccc(F)cc3c2CC(=O)O)c1,inactive,10775.0,2,312.09,2.87,2,3,4,83.05,0,True
Cc1ccnc(C(=O)c2[nH]c3ccc(OC(F)(F)F)cc3c2CC(=O)O)c1,active,1000.0,1,378.08,3.63,2,4,5,92.28,0,True
Cc1cnc(-c2cccnc2)c(-c2ccc(S(C)(=O)=O)cc2)c1,inactive,59000.0,1,324.09,3.52,0,4,3,59.92,0,True
Cc1cnc(NC(=O)C2=C(O)c3ccccc3S(=O)(=O)N2C)s1,inactive,31200.0,11,351.03,1.95,2,6,2,99.6,0,True
Cc1cnc(NC(=O)C2=C(O)c3sccc3S(=O)(=O)N2C)s1,inactive,19800.0,1,356.99,2.01,2,7,2,99.6,0,True
Cc1csc(Sc2cc3c(cc2NS(C)(=O)=O)CCC3=O)n1,active,620.0,1,354.02,3.1,1,6,4,76.13,0,True
Cc1csc(Sc2cc3c(cc2NS(C)(=O)=O)COC3=O)n1,active,350.0,1,356.0,2.64,1,7,4,85.36,0,True
Cc1nc(-c2ccc(C)s2)c(-c2ccc(S(C)(=O)=O)cc2)o1,inactive,47500.0,1,333.05,4.09,0,5,3,60.17,0,True
Cc1nc(-c2ccc(C)s2)c(-c2ccc(S(N)(=O)=O)c(F)c2)o1,inactive,25000.0,1,352.04,3.47,1,5,3,86.19,0,True
Cc1nc(-c2ccc(Cl)s2)c(-c2ccc(S(C)(=O)=O)cc2)o1,inactive,12500.0,1,352.99,4.44,0,5,3,60.17,0,True
Cc1nc(-c2ccc(Cl)s2)c(-c2ccc(S(N)(=O)=O)cc2)o1,active,600.0,1,353.99,3.68,1,5,3,86.19,0,True
Cc1nc(-c2ccc(F)cc2)c(-c2ccc(S(C)(=O)=O)cc2)o1,inactive,42000.0,1,331.07,3.86,0,4,3,60.17,0,True
Cc1nc(-c2ccc(F)cc2)c(-c2ccc(S(N)(=O)=O)c(F)c2)o1,inactive,40000.0,1,350.05,3.24,1,4,3,86.19,0,True
Cc1nc(-c2ccc(S(C)(=O)=O)cc2)c(-c2ccc(Cl)s2)o1,inactive,93000.0,1,352.99,4.44,0,5,3,60.17,0,True
Cc1nc(-c2ccc(S(N)(=O)=O)cc2)c(-c2ccc(Br)cc2)s1,inactive,115000.0,1,407.96,4.2,1,4,3,73.05,0,True
Cc1nc(-c2ccc(S(N)(=O)=O)cc2)c(-c2ccc(Cl)cc2)s1,inactive,35600.0,1,364.01,4.09,1,4,3,73.05,0,True
Cc1nc(-c2ccc(S(N)(=O)=O)cc2)c(-c2ccccc2)s1,inactive,72500.0,1,330.05,3.43,1,4,3,73.05,0,True
Cc1nc(-c2ccccc2)c(-c2ccc(S(N)(=O)=O)cc2)s1,inactive,34000.0,1,330.05,3.43,1,4,3,73.05,0,True
Cc1nc(C)c(/C=C2\CN(C)C/C(=C\c3nc(C)c(C)nc3C)C2=O)nc1C,active,90.0,1,377.22,3.1,0,6,2,71.87,0,True
Cc1nc(C2CCCCC2)c(-c2ccc(S(N)(=O)=O)cc2)o1,inactive,47500.0,2,320.12,3.35,1,4,3,86.19,0,True
Cc1nc(NC(=O)c2sc3cc(F)ccc3c2Cl)c(C)c(C)c1O,active,800.0,1,364.04,4.97,2,4,2,62.22,0,True
Cc1ncccc1-c1ncc(Cl)cc1-c1ccc(S(C)(=O)=O)cc1,inactive,45000.0,1,358.05,4.18,0,4,3,59.92,0,True
Cc1nn(-c2ccc(S(N)(=O)=O)cc2)c(-c2ccccc2)c1Cl,active,580.0,1,347.05,3.15,1,3,3,77.98,0,True
Cc1oc(=O)n(-c2ccc(F)cc2)c1-c1ccc(S(N)(=O)=O)cc1,inactive,45807.095,2,348.06,2.19,1,4,3,95.3,0,True
Cc1oc(=O)n(-c2ccccc2)c1-c1ccc(S(N)(=O)=O)cc1,inactive,49308.69,2,330.07,2.05,1,4,3,95.3,0,True
Cc1onc(-c2ccc(Cl)o2)c1-c1ccccc1,active,500.0,6,259.04,4.56,0,3,2,39.17,0,True
Cc1onc(-c2ccccc2)c1-c1ccc(S(N)(=O)=O)cc1,inactive,140000.0,6,314.07,2.96,1,4,3,86.19,0,True
Cc1onc(-c2ccccc2)c1-c1ccccc1,active,90.0,2,235.1,4.32,0,2,2,26.03,0,True
Cc1onc(-c2ccccc2Cl)c1-c1ccccc1,active,270.0,1,269.06,4.97,0,2,2,26.03,0,True
Clc1ccc(-c2nn(-c3ccccc3)c3c2CCC3)cc1,inactive,10000.0,1,294.09,4.68,0,1,2,17.82,0,True
Clc1ccc(-c2nn(-c3ccccc3)c3c2CCCC3)cc1,inactive,10000.0,1,308.11,5.07,0,1,2,17.82,1,False
Clc1ccc(-c2nn(-c3ccccc3)c3c2CCCCC3)cc1,active,1000.0,1,322.12,5.46,0,1,2,17.82,1,False
Clc1ccc(-n2cc(CSc3nc4ccccc4o3)nn2)cc1,inactive,80820.0,1,342.03,4.35,0,5,4,56.74,0,True
Clc1cccc(-n2cc(CSc3nc4ccccc4o3)nn2)c1,inactive,88260.0,1,342.03,4.35,0,5,4,56.74,0,True
Clc1ccccc1-n1cc(CSc2nc3ccccc3o2)nn1,inactive,44350.0,1,342.03,4.35,0,5,4,56.74,0,True
Clc1ncccc1-n1cc(CSc2nc3ccccc3o2)nn1,inactive,102660.0,1,343.03,3.75,0,6,4,69.63,0,True
Cn1cccc1C(=O)c1cc(C(C)(C)C)c2c(c1)C(C)(C)CO2,active,35.0,1,311.19,4.22,0,2,2,31.23,0,True
Cn1nc(-c2ccccc2)c(C(=O)/C=C/c2ccccc2)cc1=O,inactive,38500.0,1,316.12,3.34,0,3,4,51.96,0,True
Cn1nc(C(F)(F)F)cc1-c1ccn(C(F)F)c(=O)c1,inactive,13100.0,1,293.06,2.66,0,2,2,39.82,0,True
Cn1ncc(/C=C/C(=O)c2ccccc2)c(-c2ccccc2)c1=O,inactive,18900.0,1,316.12,3.34,0,3,4,51.96,0,True
Cn1ncc(/C=C/C(=O)c2ccccc2)c(Cl)c1=O,inactive,14400.0,1,274.05,2.33,0,3,3,51.96,0,True
Cn1ncc(/C=C/C(=O)c2ccccc2)cc1=O,inactive,15700.0,1,240.09,1.68,0,3,3,51.96,0,True
Cn1ncc(/C=C\C(=O)c2ccccc2)c(Cl)c1=O,inactive,31300.0,1,274.05,2.33,0,3,3,51.96,0,True
FC(F)(F)c1cc(-c2ccc(Cl)cc2)n(-c2ccc(Cl)cc2)n1,active,55.0,1,356.01,5.86,0,1,2,17.82,1,False
FC(F)(F)c1cc(-c2ccccc2)n(-c2ccccc2)n1,active,970.0,1,288.09,4.56,0,1,2,17.82,0,True
Fc1ccc(-c2[nH]c(-c3ccc(F)cc3)c3c2C2CCC3C2)cc1,active,1.0,1,321.13,5.99,1,0,2,15.79,1,False
Fc1ccc(-c2[nH]c(-c3ccc(F)cc3)c3c2C2CCC3CC2)cc1,active,30.0,1,335.15,6.38,1,0,2,15.79,1,False
Fc1ccc(-n2cc(CSc3nc4ccccc4o3)nn2)cc1,inactive,192150.0,1,326.06,3.84,0,5,4,56.74,0,True
Fc1ccc2c(C3CCN(CC4=NO[C@@H]5CCCC[C@@H]5[C@H]4c4ccccc4)CC3)noc2c1,inactive,42800.0,1,447.23,5.88,0,5,4,50.86,1,False
Fc1ccccc1-n1cc(CSc2nc3ccccc3o2)nn1,inactive,24230.0,1,326.06,3.84,0,5,4,56.74,0,True
N#Cc1c(/N=C/c2ccc(O)cc2)c(C(=O)Nc2ccc(Br)cc2)n2c1CCC2,inactive,71970.0,1,448.05,4.78,2,4,4,90.41,0,True
N#Cc1c(/N=C/c2ccco2)c(C(=O)Nc2ccc(Br)cc2)n2c1CCC2,inactive,13160.0,1,422.04,4.66,1,4,4,83.32,0,True
N#Cc1ccc(-c2ccsc2-c2ccc(F)cc2)cc1,active,210.0,1,279.05,5.09,0,2,2,23.79,1,False
N#Cc1ccc(-n2nc(C(=O)OCc3c(-c4ccccc4)no[n+]3[O-])nc2CCl)cc1,inactive,39800.0,1,436.07,2.52,0,8,6,133.77,0,True
N#Cc1ccc2c(c1)C=C(C(=O)O)C(C(F)(F)F)O2,inactive,115000.0,1,269.03,2.35,1,3,1,70.32,0,True
N#Cc1cnn(-c2ccc(S(N)(=O)=O)cc2)c1/N=C/c1ccc(Br)cc1,active,115.64,1,428.99,2.9,1,5,4,114.13,0,True
N#Cc1cnn(-c2ccc(S(N)(=O)=O)cc2)c1/N=C/c1ccc(Cl)cc1,active,169.28,1,385.04,2.8,1,5,4,114.13,0,True
N#Cc1cnn(-c2ccc(S(N)(=O)=O)cc2)c1/N=C/c1ccc(F)cc1,active,676.9,1,369.07,2.28,1,5,4,114.13,0,True
N#Cc1cnn(-c2ccc(S(N)(=O)=O)cc2)c1/N=C/c1ccccc1,active,204.72,1,351.08,2.14,1,5,4,114.13,0,True
N#Cc1cnn(-c2ccc(S(N)(=O)=O)cc2)c1NC(=O)CCCl,active,123.15,1,353.03,0.96,2,5,5,130.87,0,True
N#Cc1cnn(-c2ccc(S(N)(=O)=O)cc2)c1NC(=O)CCN1CCOCC1,active,876.0,1,404.13,0.05,2,7,6,143.34,0,True
N#Cc1cnn(-c2ccc(S(N)(=O)=O)cc2)c1NC(=O)CCl,active,104.17,1,339.02,0.57,2,5,4,130.87,0,True
N#Cc1cnn(-c2ccc(S(N)(=O)=O)cc2)c1NC(=O)CN1CCOCC1,active,64.74,1,390.11,-0.34,2,7,5,143.34,0,True
N#Cc1cnn(-c2ccc(S(N)(=O)=O)cc2)c1NC(=O)c1ccccc1,active,73.27,1,367.07,1.64,2,5,4,130.87,0,True
N#Cc1nn(-c2ccc(S(N)(=O)=O)cc2)c(-c2ccc(Cl)cc2)c1Cl,active,140.0,1,391.99,3.37,1,4,3,101.77,0,True
N#Cc1nn(-c2ccc(S(N)(=O)=O)cc2)c2c1SCc1cc(F)ccc1-2,active,759.99,2,386.03,2.8,1,5,2,101.77,0,True
NC(=O)N1C(=O)/C(=C(\O)c2cccs2)c2cc(Cl)ccc21,active,55.0,1,320.0,3.25,2,4,1,83.63,0,True
NC1=NN=C(/N=C/c2ccc(Cl)cc2)C1c1ccc(Cl)nn1,inactive,31200.0,1,332.03,2.67,1,6,2,88.88,0,True
NC1=NN=C(/N=C/c2cccc(Br)c2)C1c1ccc(Cl)nn1,inactive,42910.0,1,375.98,2.78,1,6,2,88.88,0,True
NC1=NN=C(/N=C/c2cccc(O)c2)C1c1ccc(Cl)nn1,inactive,35950.0,1,314.07,1.72,2,7,2,109.11,0,True
NS(=O)(=O)c1ccc(-c2c(-c3ccc(F)cc3)nn3ncccc23)cc1,inactive,24100.0,1,368.07,2.85,1,4,3,90.35,0,True
NS(=O)(=O)c1ccc(-c2c(-c3ccccc3)noc2CO)cc1,inactive,1120000.0,2,330.07,2.15,2,5,4,106.42,0,True
NS(=O)(=O)c1ccc(-c2cc(C(F)(F)F)nc(NC3CCCCC3)n2)cc1,active,167.0,1,400.12,3.55,2,5,4,97.97,0,True
NS(=O)(=O)c1ccc(-c2cc(C(F)(F)F)nn2-c2ccc(F)cc2)cc1,active,80.0,1,385.05,3.34,1,3,3,77.98,0,True
NS(=O)(=O)c1ccc(-c2cc(Cl)cc3c2OC(C(F)(F)F)C(C(=O)O)=C3)cc1,inactive,46570.0,2,433.0,3.45,2,4,3,106.69,0,True
NS(=O)(=O)c1ccc(-c2cc(F)c(F)cc2-c2ccc3c(c2)OCCO3)cc1,inactive,17900.0,1,403.07,3.72,1,4,3,78.62,0,True
NS(=O)(=O)c1ccc(-c2cc3c(cc2Cc2ccccc2)OCO3)cc1,inactive,42500.0,2,367.09,3.32,1,4,4,78.62,0,True
NS(=O)(=O)c1ccc(-c2ccc(F)c(F)c2-c2ccc3c(c2)OCCO3)cc1,inactive,17782.79,1,403.07,3.72,1,4,3,78.62,0,True
NS(=O)(=O)c1ccc(-c2ccccc2-c2ccc(F)cc2)cc1,inactive,19027.305,2,327.07,3.81,1,2,3,60.16,0,True
NS(=O)(=O)c1ccc(-c2coc(=O)n2-c2ccc(F)cc2)cc1,inactive,13206.48,2,334.04,1.88,1,4,3,95.3,0,True
NS(=O)(=O)c1ccc(-c2coc(=O)n2-c2ccc(F)cc2F)cc1,inactive,15305.435000000001,2,352.03,2.02,1,4,3,95.3,0,True
NS(=O)(=O)c1ccc(-c2coc(=O)n2-c2cccc(Cl)c2)cc1,inactive,10794.735,2,350.01,2.4,1,4,3,95.3,0,True
NS(=O)(=O)c1ccc(-c2coc(=O)n2-c2cccc3ccccc23)cc1,inactive,37084.035,2,366.07,2.9,1,4,3,95.3,0,True
NS(=O)(=O)c1ccc(-c2coc(=O)n2-c2ccccc2)cc1,inactive,24389.055,2,316.05,1.74,1,4,3,95.3,0,True
NS(=O)(=O)c1ccc(-c2coc(=O)n2-c2ccccc2Cl)cc1,inactive,35399.865000000005,2,350.01,2.4,1,4,3,95.3,0,True
NS(=O)(=O)c1ccc(-c2coc(=O)n2-c2ccccc2F)cc1,inactive,27912.72,2,334.04,1.88,1,4,3,95.3,0,True
NS(=O)(=O)c1ccc(-c2oc3ccccc3c2-c2ccc(F)cc2)cc1,active,490.0,1,367.07,4.55,1,3,3,73.3,0,True
NS(=O)(=O)c1ccc(-c2sc(-c3ccccc3Cl)nc2-c2ccc(F)cc2)cc1,active,80.0,1,444.02,5.58,1,4,4,73.05,1,False
NS(=O)(=O)c1ccc(-c2sc(COc3cc(Cl)cc(Cl)c3)nc2-c2ccc(F)cc2)cc1,active,120.0,1,507.99,6.15,1,5,6,82.28,2,False
NS(=O)(=O)c1ccc(-n2cc(C(F)(F)F)nc2-c2ccc(F)c(F)c2)cc1,inactive,29800.0,1,403.04,3.48,1,3,3,77.98,0,True
NS(=O)(=O)c1ccc(-n2cc(C(F)(F)F)nc2-c2cccc(F)c2)cc1,inactive,67700.0,1,385.05,3.34,1,3,3,77.98,0,True
NS(=O)(=O)c1ccc(-n2cc(C(F)(F)F)nc2-c2ccccc2)cc1,inactive,19300.0,1,367.06,3.21,1,3,3,77.98,0,True
NS(=O)(=O)c1ccc(-n2cc(C(F)(F)F)nc2-c2ccccc2F)cc1,inactive,22300.0,1,385.05,3.34,1,3,3,77.98,0,True
NS(=O)(=O)c1ccc(-n2cc(C(F)(F)F)nc2-c2cccs2)cc1,inactive,55000.0,1,373.02,3.27,1,4,3,77.98,0,True
NS(=O)(=O)c1ccc(-n2cccc2-c2ccc(F)cc2)cc1,inactive,10500.0,1,316.07,2.93,1,2,3,65.09,0,True
NS(=O)(=O)c1ccc(-n2cnc(Cl)c2-c2cc(Cl)cc(Cl)c2)cc1,active,600.0,1,400.96,4.15,1,3,3,77.98,0,True
NS(=O)(=O)c1ccc(-n2nc(C(=O)N/N=C/c3c(Cl)c4ccccc4oc3=O)cc2-c2ccc(C(F)(F)F)cc2)cc1,inactive,48200.0,1,615.06,4.73,2,7,6,149.65,1,False
NS(=O)(=O)c1ccc(-n2nc(C(=O)N/N=C/c3c(Cl)c4ccccc4oc3=O)cc2-c2ccc(Cl)c(Cl)c2)cc1,inactive,96590.0,1,614.99,5.02,2,7,6,149.65,2,False
NS(=O)(=O)c1ccc(-n2nc(C(=O)N/N=C/c3c(Cl)c4ccccc4oc3=O)cc2-c2ccc(F)cc2)cc1,inactive,53430.0,1,565.06,3.85,2,7,6,149.65,1,False
NS(=O)(=O)c1ccc(-n2nc(C(=O)N/N=C/c3c(Cl)c4ccccc4oc3=O)cc2-c2ccc([N+](=O)[O-])cc2)cc1,inactive,42160.0,1,592.06,3.62,2,9,7,192.79,1,False
NS(=O)(=O)c1ccc(-n2nc(C(=O)N/N=C/c3c(Cl)c4ccccc4oc3=O)cc2-c2cccc(F)c2)cc1,inactive,74300.0,1,565.06,3.85,2,7,6,149.65,1,False
NS(=O)(=O)c1ccc(-n2nc(C(=O)N/N=C/c3c(Cl)c4ccccc4oc3=O)cc2-c2ccccc2Cl)cc1,inactive,86240.0,1,581.03,4.36,2,7,6,149.65,1,False
NS(=O)(=O)c1ccc(-n2nc(C(=O)N3CCSCC3)cc2-c2ccc(C(F)(F)F)cc2)cc1,inactive,30790.0,1,496.09,3.39,1,5,4,98.29,0,True
NS(=O)(=O)c1ccc(-n2nc(C(=O)N3CCSCC3)cc2-c2cccc(Cl)c2)cc1,inactive,29350.0,1,462.06,3.03,1,5,4,98.29,0,True
NS(=O)(=O)c1ccc(-n2nc(C(=O)NC3CCCCC3)cc2-c2ccccc2)cc1,inactive,10220.0,1,424.16,3.25,2,4,5,107.08,0,True
NS(=O)(=O)c1ccc(-n2nc(C(=O)NCCCC(=O)O)cc2-c2ccccc2)cc1,inactive,12750.0,1,428.12,1.78,3,5,8,144.38,0,True
NS(=O)(=O)c1ccc(-n2nc(C(=O)NCCCCCCCCCCC(=O)O)cc2-c2ccccc2)cc1,inactive,10540.0,1,526.22,4.51,3,5,15,144.38,1,False
NS(=O)(=O)c1ccc(-n2nc(C(=O)NCCCN3CCOCC3)cc2-c2ccc(C(F)(F)F)cc2)cc1,inactive,32060.0,1,537.17,2.66,2,6,8,119.55,1,False
NS(=O)(=O)c1ccc(-n2nc(C(=O)NCCOc3ccc4ccc(=O)oc4c3)cc2-c2ccccc2)cc1,inactive,26250.0,1,530.13,3.1,2,7,8,146.52,1,False
NS(=O)(=O)c1ccc(-n2nc(C(=O)O)cc2-c2ccc(Cl)s2)cc1,inactive,12130.0,1,382.98,2.6,2,5,4,115.28,0,True
NS(=O)(=O)c1ccc(-n2nc(C(=O)OCCCN3CCOCC3)cc2-c2ccc(C(F)(F)F)cc2)cc1,inactive,28520.0,1,538.15,3.08,1,7,8,116.75,1,False
NS(=O)(=O)c1ccc(-n2nc(C(=O)OCCOc3cc(=O)oc4ccccc34)cc2-c2ccc(F)cc2)cc1,inactive,30410.0,1,549.1,3.67,1,8,8,143.72,1,False
NS(=O)(=O)c1ccc(-n2nc(C(=O)OCCOc3cc(=O)oc4ccccc34)cc2-c2ccc([N+](=O)[O-])cc2)cc1,inactive,59060.0,1,576.1,3.44,1,10,9,186.86,1,False
NS(=O)(=O)c1ccc(-n2nc(C(=O)OCCOc3cc(=O)oc4ccccc34)cc2-c2cccc(Cl)c2)cc1,inactive,41460.0,1,565.07,4.18,1,8,8,143.72,1,False
NS(=O)(=O)c1ccc(-n2nc(C(=O)OCCOc3cc(=O)oc4ccccc34)cc2-c2cccc(F)c2)cc1,inactive,40450.0,1,549.1,3.67,1,8,8,143.72,1,False
NS(=O)(=O)c1ccc(-n2nc(C(=O)OCCOc3cc(=O)oc4ccccc34)cc2-c2ccccc2)cc1,inactive,59230.0,1,531.11,3.53,1,8,8,143.72,1,False
NS(=O)(=O)c1ccc(-n2nc(C(=O)OCCOc3ccc4ccc(=O)oc4c3)cc2-c2ccc(F)cc2)cc1,inactive,41980.0,1,549.1,3.67,1,8,8,143.72,1,False
NS(=O)(=O)c1ccc(-n2nc(C(=O)OCCOc3ccc4ccc(=O)oc4c3)cc2-c2cccc(Cl)c2)cc1,inactive,56520.0,1,565.07,4.18,1,8,8,143.72,1,False
NS(=O)(=O)c1ccc(-n2nc(C(=O)OCCOc3ccc4ccc(=O)oc4c3)cc2-c2cccc(F)c2)cc1,inactive,36140.0,1,549.1,3.67,1,8,8,143.72,1,False
NS(=O)(=O)c1ccc(-n2nc(C(=O)OCCOc3ccc4ccc(=O)oc4c3)cc2-c2ccccc2)cc1,inactive,51390.0,1,531.11,3.53,1,8,8,143.72,1,False
NS(=O)(=O)c1ccc(-n2nc(C(=O)OCCOc3ccc4ccc(=O)oc4c3)cc2-c2ccccc2Cl)cc1,inactive,45350.0,1,565.07,4.18,1,8,8,143.72,1,False
NS(=O)(=O)c1ccc(-n2nc(C(=O)Oc3ccc4ccc(=O)oc4c3)cc2-c2ccccc2)cc1,inactive,43610.0,1,487.08,3.51,1,7,5,134.49,0,True
NS(=O)(=O)c1ccc(-n2nc(C(F)(F)F)c(Cl)c2-c2ccc(Cl)cc2)cc1,active,65.0,1,434.98,4.51,1,3,3,77.98,0,True
NS(=O)(=O)c1ccc(-n2nc(C(F)(F)F)c(F)c2-c2ccccc2)cc1,active,830.0,1,385.05,3.34,1,3,3,77.98,0,True
NS(=O)(=O)c1ccc(-n2nc(C(F)(F)F)c([18F])c2-c2ccccc2)cc1,active,380.0,1,384.05,3.34,1,3,3,77.98,0,True
NS(=O)(=O)c1ccc(-n2nc(C(F)(F)F)c3c2-c2ccc(F)cc2CS3)cc1,active,270.01,2,429.02,3.95,1,4,2,77.98,0,True
NS(=O)(=O)c1ccc(-n2nc(C(F)(F)F)c3c2-c2ccccc2CC3)cc1,inactive,13599.39,2,393.08,3.3,1,3,2,77.98,0,True
NS(=O)(=O)c1ccc(-n2nc(C(F)(F)F)c3c2-c2ccccc2CS3)cc1,active,400.02,2,411.03,3.81,1,4,2,77.98,0,True
NS(=O)(=O)c1ccc(-n2nc(C(F)(F)F)cc2-c2ccc(Br)cc2)cc1,inactive,17700.0,1,444.97,3.97,1,3,3,77.98,0,True
NS(=O)(=O)c1ccc(-n2nc(C(F)(F)F)cc2-c2ccc(Cl)c(Cl)c2)cc1,inactive,17400.0,1,434.98,4.51,1,3,3,77.98,0,True
NS(=O)(=O)c1ccc(-n2nc(C(F)(F)F)cc2-c2ccc(Cl)cc2)cc1,inactive,24600.0,2,401.02,3.86,1,3,3,77.98,0,True
NS(=O)(=O)c1ccc(-n2nc(C(F)(F)F)cc2-c2ccc(Cl)cc2Cl)cc1,inactive,31200.0,1,434.98,4.51,1,3,3,77.98,0,True
NS(=O)(=O)c1ccc(-n2nc(C(F)(F)F)cc2-c2ccc(F)cc2)cc1,inactive,25500.0,2,385.05,3.34,1,3,3,77.98,0,True
NS(=O)(=O)c1ccc(-n2nc(C(F)(F)F)cc2-c2ccc3c(c2)CCC3)cc1,inactive,15200.0,1,407.09,3.69,1,3,3,77.98,0,True
NS(=O)(=O)c1ccc(-n2nc(C(F)(F)F)cc2-c2ccc3c(c2)CCCS3)cc1,inactive,12900.0,1,439.06,4.24,1,4,3,77.98,0,True
NS(=O)(=O)c1ccc(-n2nc(C(F)(F)F)cc2-c2ccccc2)cc1,inactive,55100.0,1,367.06,3.21,1,3,3,77.98,0,True
NS(=O)(=O)c1ccc(-n2nc(C(F)(F)F)cc2-c2ccccc2Cl)cc1,inactive,31300.0,1,401.02,3.86,1,3,3,77.98,0,True
NS(=O)(=O)c1ccc(-n2nc(C(F)(F)F)cc2-c2ccccc2F)cc1,inactive,29500.0,1,385.05,3.34,1,3,3,77.98,0,True
NS(=O)(=O)c1ccc(-n2nc(C(F)(F)F)cc2-c2ccccn2)cc1,inactive,93300.0,1,368.06,2.6,1,4,3,90.87,0,True
NS(=O)(=O)c1ccc(-n2nc(C(F)(F)F)cc2-c2ccncc2)cc1,inactive,209000.0,1,368.06,2.6,1,4,3,90.87,0,True
NS(=O)(=O)c1ccc(-n2nc(C(F)(F)F)cc2-c2csc3ccccc23)cc1,inactive,70700.0,1,423.03,4.42,1,4,3,77.98,0,True
NS(=O)(=O)c1ccc(-n2nc(C(F)F)cc2-c2ccccc2)cc1,inactive,33700.0,1,349.07,3.12,1,3,4,77.98,0,True
NS(=O)(=O)c1ccc(-n2nc(CO)c(Cl)c2-c2ccc(Cl)cc2)cc1,active,170.0,1,397.01,2.99,2,4,4,98.21,0,True
NS(=O)(=O)c1ccc(-n2nc(COC(=O)c3cc4ccccc4oc3=O)cc2-c2ccc(F)cc2)cc1,inactive,43280.0,1,519.09,3.79,1,7,6,134.49,1,False
NS(=O)(=O)c1ccc(-n2nc(NC(=O)NC34CC5CC(CC(C5)C3)C4)cc2-c2ccccc2)cc1,inactive,11850.0,1,491.2,4.28,3,4,5,119.11,0,True
NS(=O)(=O)c1ccc(-n2nc(NC(=O)NC3CCCCC3)cc2-c2ccccc2)cc1,inactive,10620.0,1,439.17,3.64,3,4,5,119.11,0,True
NS(=O)(=O)c1ccc(-n2nc(NC(=O)NCCCCCCCCCCC(=O)O)cc2-c2ccccc2)cc1,inactive,10920.0,1,541.24,4.9,4,5,15,156.41,1,False
NS(=O)(=O)c1ccc(-n2nc3ccccc3c2-c2ccc([18F])cc2)cc1,inactive,30000.0,1,366.08,3.48,1,3,3,77.98,0,True
NS(=O)(=O)c1ccc(-n2ncc(Cl)c2-c2ccccc2)cc1,inactive,31000.0,1,333.03,2.84,1,3,3,77.98,0,True
NS(=O)(=O)c1ccc(-n2ncc(F)c2-c2ccccc2)cc1,inactive,56500.0,1,317.06,2.33,1,3,3,77.98,0,True
NS(=O)(=O)c1ccc(-n2ncc([N+](=O)[O-])c2-c2ccccc2)cc1,inactive,12200.0,1,344.06,2.09,1,5,4,121.12,0,True
NS(=O)(=O)c1ccc(/C=N/c2ccc(C(F)(F)F)cc2)cc1,inactive,43890.0,1,328.05,3.1,1,3,3,72.52,0,True
NS(=O)(=O)c1ccc(/C=N/c2ccc(F)cc2)cc1,inactive,80200.0,1,278.05,2.22,1,3,3,72.52,0,True
NS(=O)(=O)c1ccc(/C=N/c2ccc(O)cc2)cc1,inactive,51830.0,1,276.06,1.79,2,4,3,92.75,0,True
NS(=O)(=O)c1ccc(/C=N/c2ccccc2)cc1,inactive,63590.0,1,260.06,2.08,1,3,3,72.52,0,True
NS(=O)(=O)c1ccc(/N=C/c2ccc(C(F)(F)F)cc2)cc1,inactive,182190.0,1,328.05,3.1,1,3,3,72.52,0,True
NS(=O)(=O)c1ccc(/N=C/c2ccc(F)cc2)cc1,inactive,159070.0,1,278.05,2.22,1,3,3,72.52,0,True
NS(=O)(=O)c1ccc(/N=C/c2ccc(O)c(C(=O)O)c2)cc1,inactive,85130.0,1,320.05,1.49,3,5,4,130.05,0,True
NS(=O)(=O)c1ccc(/N=C/c2ccc(O)c(O)c2)cc1,inactive,23150.0,1,292.05,1.5,3,5,3,112.98,0,True
NS(=O)(=O)c1ccc(/N=C/c2ccc(O)cc2)cc1,inactive,148200.0,1,276.06,1.79,2,4,3,92.75,0,True
NS(=O)(=O)c1ccc(/N=C/c2ccc([N+](=O)[O-])cc2)cc1,inactive,141250.0,1,305.05,1.99,1,5,4,115.66,0,True
NS(=O)(=O)c1ccc(/N=C/c2cccc(O)c2)cc1,inactive,38200.0,1,276.06,1.79,2,4,3,92.75,0,True
NS(=O)(=O)c1ccc(/N=C/c2cccc([N+](=O)[O-])c2)cc1,inactive,105630.0,1,305.05,1.99,1,5,4,115.66,0,True
NS(=O)(=O)c1ccc(/N=C/c2ccccc2)cc1,inactive,108340.0,1,260.06,2.08,1,3,3,72.52,0,True
NS(=O)(=O)c1ccc(/N=N/c2ccc(O)c(C(=O)O)c2)cc1,inactive,31570.0,1,321.04,2.15,3,6,4,142.41,0,True
NS(=O)(=O)c1ccc(/N=N/c2ccc(O)c(Cl)c2)cc1,inactive,33320.0,1,311.01,3.11,2,5,3,105.11,0,True
NS(=O)(=O)c1ccc(/N=N/c2ccc(O)c(O)c2)cc1,inactive,59960.0,1,293.05,2.16,3,6,3,125.34,0,True
NS(=O)(=O)c1ccc(/N=N/c2ccc(OC(=O)Nc3ccccc3)c(OC(=O)Nc3ccccc3)c2)cc1,inactive,35070.0,1,531.12,5.97,3,8,7,161.54,2,False
NS(=O)(=O)c1ccc(C#Cc2cc(Cl)cc3c2OC(C(F)(F)F)C(C(=O)O)=C3)cc1,active,410.0,1,457.0,3.18,2,4,2,106.69,0,True
NS(=O)(=O)c1ccc(C2=C(c3ccc(C(F)(F)F)c(F)c3)CCC2)cc1,inactive,14500.0,1,385.08,4.59,1,2,3,60.16,0,True
NS(=O)(=O)c1ccc(C2=C(c3ccc(C(F)(F)F)cc3)CC3(CC3)C2)cc1,active,500.0,1,393.1,4.84,1,2,3,60.16,0,True
NS(=O)(=O)c1ccc(C2=C(c3ccc(Cl)c(Cl)c3)CC3(CC3)C2)cc1,active,380.0,1,393.04,5.13,1,2,3,60.16,1,False
NS(=O)(=O)c1ccc(C2=C(c3ccc(Cl)cc3)CC3(CC3)C2)cc1,active,140.0,1,359.07,4.47,1,2,3,60.16,0,True
NS(=O)(=O)c1ccc(C2=C(c3ccc(F)c(Cl)c3)CC3(CC3)C2)cc1,active,310.0,1,377.07,4.61,1,2,3,60.16,0,True
NS(=O)(=O)c1ccc(C2=C(c3ccc(F)c(F)c3)CC3(CC3)C2)cc1,active,920.0,1,361.09,4.1,1,2,3,60.16,0,True
NS(=O)(=O)c1ccc(C2=C(c3ccc(F)cc3)CC3(CC3)C2)cc1,active,330.0,3,343.1,3.96,1,2,3,60.16,0,True
NS(=O)(=O)c1ccc(C2=C(c3ccc(F)cc3)CC3(CCC3)C2)cc1,active,830.0,1,357.12,4.35,1,2,3,60.16,0,True
NS(=O)(=O)c1ccc(C2=C(c3ccc(F)cc3)c3ccccc3C2)cc1,active,7.0,1,365.09,3.99,1,2,3,60.16,0,True
NS(=O)(=O)c1ccc(N2N=C(C(F)(F)F)CC2c2ccc3c(c2)OCCO3)cc1,inactive,41520.0,1,427.08,2.97,1,6,3,94.22,0,True
NS(=O)(=O)c1ccc(N2N=C(C(F)(F)F)CC2c2ccc3c(c2)OCO3)cc1,inactive,18960.0,1,413.07,2.93,1,6,3,94.22,0,True
NS(=O)(=O)c1ccc(N2N=C(C(F)(F)F)CC2c2ccc3ccccc3c2)cc1,inactive,19020.0,1,419.09,4.36,1,4,3,75.76,0,True
NS(=O)(=O)c1ccc(N2N=C(C(F)(F)F)CC2c2cccc3c2OCCO3)cc1,inactive,34530.0,1,427.08,2.97,1,6,3,94.22,0,True
NS(=O)(=O)c1ccc(N2N=C(C(F)(F)F)CC2c2cccc3c2OCO3)cc1,inactive,10040.0,1,413.07,2.93,1,6,3,94.22,0,True
NS(=O)(=O)c1ccc(N2N=C(C(F)(F)F)CC2c2cccc3ccccc23)cc1,inactive,17010.0,1,419.09,4.36,1,4,3,75.76,0,True
NS(=O)(=O)c1ccc(N2N=C(c3ccc(N4CCOCC4)cc3)CC2c2ccc(F)cc2F)cc1,inactive,36110.0,1,498.15,3.8,1,6,5,88.23,0,True
NS(=O)(=O)c1ccc(N2N=C3c4ccccc4CCC3C2c2c(F)cccc2Cl)cc1,inactive,99840.0,1,455.09,4.65,1,4,3,75.76,0,True
NS(=O)(=O)c1ccc(N2N=C3c4ccccc4CCC3C2c2cccc(Br)c2)cc1,inactive,100200.0,1,481.05,4.62,1,4,3,75.76,0,True
NS(=O)(=O)c1ccc(N2N=C3c4ccccc4CCC3C2c2cccc(O)c2)cc1,inactive,86230.0,1,419.13,3.57,2,5,3,95.99,0,True
NS(=O)(=O)c1ccc(N2N=C3c4ccccc4OCC3C2c2ccc(Cl)cc2Cl)cc1,inactive,96330.0,1,473.04,4.62,1,5,3,84.99,0,True
NS(=O)(=O)c1ccc(N2N=C3c4ccccc4OCC3C2c2ccccc2Br)cc1,inactive,90230.0,1,483.03,4.07,1,5,3,84.99,0,True
NS(=O)(=O)c1ccc(N2N=C3c4ccccc4OCC3C2c2ccccc2Cl)cc1,inactive,86760.0,1,439.08,3.96,1,5,3,84.99,0,True
Nc1c(C(=O)N/N=C/c2ccc(O)cc2)cnn1-c1ccc(S(N)(=O)=O)cc1,inactive,12500.0,1,400.1,0.57,4,7,5,165.69,0,True
Nc1c(C(=O)N/N=C/c2ccccc2)cnn1-c1ccc(S(N)(=O)=O)cc1,inactive,10400.0,1,384.1,0.87,3,6,5,145.46,0,True
Nc1c(C(=O)N/N=C/c2ccccc2Cl)cnn1-c1ccc(S(N)(=O)=O)cc1,inactive,10500.0,1,418.06,1.52,3,6,5,145.46,0,True
Nc1c(CC(=O)O)cccc1C(=O)c1ccc(Br)cc1,active,8.481,1,333.0,2.89,2,3,4,80.39,0,True
Nc1cc(-c2ccco2)nn1-c1ccc(C(=O)O)cc1,active,70.0,1,269.08,2.41,2,4,3,94.28,0,True
Nc1cc(-c2ccco2)nn1-c1ccc(Cl)cc1,inactive,20500.0,1,259.05,3.37,1,3,2,56.98,0,True
Nc1ccc(C(=O)Nc2ccc(C(F)(F)F)cc2)cc1,inactive,30000.0,1,280.08,3.54,2,2,2,55.12,0,True
Nc1ccc(C(=O)Nc2ccc(C(F)(F)F)cn2)cc1,inactive,10000.0,1,281.08,2.93,2,3,2,68.01,0,True
Nc1ccc(NC(=O)c2ccc(C(F)(F)F)cc2)cc1,inactive,29000.0,1,280.08,3.54,2,2,2,55.12,0,True
Nc1ccc(NC(=O)c2ccc(C(F)(F)F)cc2)nc1,active,800.0,1,281.08,2.93,2,3,2,68.01,0,True
Nc1ccc(NC(=O)c2cccc(C(F)(F)F)c2)cc1,inactive,62000.0,1,280.08,3.54,2,2,2,55.12,0,True
Nc1ccc(NC(=O)c2cccc(C(F)(F)F)c2)nc1,inactive,12000.0,1,281.08,2.93,2,3,2,68.01,0,True
Nc1cccc(C(=O)Nc2ccc(C(F)(F)F)cc2)c1,inactive,19000.0,1,280.08,3.54,2,2,2,55.12,0,True
Nc1cccc(NC(=O)c2ccc(C(F)(F)F)cc2)c1,inactive,14000.0,1,280.08,3.54,2,2,2,55.12,0,True
Nc1cccc(NC(=O)c2ccccc2C(F)(F)F)c1,inactive,94000.0,1,280.08,3.54,2,2,2,55.12,0,True
Nc1ccccc1C(=O)Nc1ccc(C(F)(F)F)cc1,inactive,16000.0,1,280.08,3.54,2,2,2,55.12,0,True
Nc1ccccc1C(=O)Nc1cccc(C(F)(F)F)c1,inactive,10000.0,1,280.08,3.54,2,2,2,55.12,0,True
Nc1ccccc1NC(=O)c1ccc(C(F)(F)F)cc1,inactive,88000.0,1,280.08,3.54,2,2,2,55.12,0,True
Nc1ccccc1NC(=O)c1cccc(C(F)(F)F)c1,inactive,72000.0,1,280.08,3.54,2,2,2,55.12,0,True
Nc1nc(-c2ccc(Cl)cc2)cc(-c2cn(-c3ccccc3)nc2-c2ccc(OCc3ccccc3)cc2)n1,active,600.0,1,529.17,7.48,1,5,7,78.85,2,False
Nc1nc(-c2ccccc2)cc(-c2cn(-c3ccccc3)nc2-c2ccc(OCc3ccccc3)cc2)n1,inactive,16500.0,1,495.21,6.82,1,5,7,78.85,1,False
Nc1nc2[nH]cnc2c(=S)[nH]1,active,601.0,1,167.03,0.6,3,4,0,83.38,0,True
Nc1onc(-c2ccc(Cl)o2)c1-c1ccccc1,active,580.0,1,260.04,3.84,1,4,2,65.19,0,True
O=C(/C=C/c1cc(=O)[nH]nc1-c1ccccc1)c1ccccc1,inactive,25900.0,1,302.11,3.33,1,3,4,62.82,0,True
O=C(/C=C/c1ccc(O)c(O)c1)NNC(=O)COc1ccc(Br)cc1,inactive,232680.0,1,406.02,2.1,4,5,5,107.89,0,True
O=C(/C=C/c1ccc(O)c(O)c1)NNC(=O)COc1ccc(Cl)cc1,inactive,214100.0,1,362.07,1.99,4,5,5,107.89,0,True
O=C(/C=C/c1ccc(O)c(O)c1)NNC(=O)COc1cccc2cccnc12,inactive,125630.0,1,379.12,1.89,4,6,5,120.78,0,True
O=C(/C=C/c1ccc(O)c(O)c1)NNC(=O)COc1cccnc1,inactive,181550.0,1,329.1,0.73,4,6,5,120.78,0,True
O=C(/C=C/c1ccc(O)c(O)c1)OCCc1ccccc1,inactive,29416.5,2,284.1,2.9,2,4,5,66.76,0,True
O=C(/C=C/c1ccccc1)c1cc(O)nnc1-c1ccccc1,inactive,35500.0,1,302.11,3.75,1,4,4,63.08,0,True
O=C(/C=C/c1cn(-c2ccccc2)nc1-c1ccc(OCc2ccccc2)cc1)c1ccccc1,inactive,15460.0,1,456.18,7.01,0,3,8,44.12,1,False
O=C(/C=C/c1cnnc(O)c1)c1ccccc1,inactive,19700.0,1,226.07,2.08,1,4,3,63.08,0,True
O=C(CC1=C/C(=C\c2ccc(-c3ccccc3)cc2)c2ccc(F)cc21)NS(=O)(=O)C(F)(F)F,active,495.0,1,487.09,5.79,1,3,5,63.24,1,False
O=C(CCn1sc2ccccc2c1=O)N1CCN(c2cccc(Cl)c2)CC1,inactive,316297.58499999996,2,401.1,3.46,0,4,4,45.55,0,True
O=C(CN1C(=O)S/C(=C\c2c[nH]c3ccccc23)C1=O)Nc1nc2ccccc2s1,inactive,42540.0,1,434.05,4.45,2,6,4,95.16,0,True
O=C(CN1C(=O)S/C(=C\c2ccc(O)cc2)C1=O)Nc1nccs1,inactive,51780.0,1,361.02,2.52,2,7,4,99.6,0,True
O=C(COc1cc(O)c2c(=O)cc(-c3ccccc3)oc2c1)OCc1cc(-c2ccc(Br)cc2)n(-c2ccccc2)n1,inactive,43200.0,1,622.07,6.9,1,7,8,103.79,2,False
O=C(COc1cc(O)c2c(=O)cc(-c3ccccc3)oc2c1)OCc1cc(-c2ccc(C(F)(F)F)cc2)n(-c2ccccc2)n1,inactive,32930.0,1,612.15,7.16,1,7,8,103.79,2,False
O=C(COc1cc(O)c2c(=O)cc(-c3ccccc3)oc2c1)OCc1cc(-c2ccc(Cl)c(Cl)c2)n(-c2ccc(Cl)cc2)n1,inactive,33120.0,1,646.05,8.1,1,7,8,103.79,2,False
O=C(COc1cc(O)c2c(=O)cc(-c3ccccc3)oc2c1)OCc1cc(-c2ccc([N+](=O)[O-])cc2)n(-c2ccccc2)n1,inactive,42050.0,1,589.15,6.05,1,9,9,146.93,2,False
O=C(COc1cc(O)c2c(=O)cc(-c3ccccc3)oc2c1)OCc1cc(-c2cccc(C(F)(F)F)c2)n(-c2ccccc2)n1,inactive,41080.0,1,612.15,7.16,1,7,8,103.79,2,False
O=C(COc1cc(O)c2c(=O)cc(-c3ccccc3)oc2c1)OCc1cc(-c2cccc(Cl)c2)n(-c2ccc(Cl)cc2)n1,inactive,36850.0,1,612.09,7.45,1,7,8,103.79,2,False
O=C(COc1cc(O)c2c(=O)cc(-c3ccccc3)oc2c1)OCc1cc(-c2cccc(Cl)c2)n(-c2ccccc2)n1,inactive,44800.0,1,578.12,6.79,1,7,8,103.79,2,False
O=C(COc1cc(O)c2c(=O)cc(-c3ccccc3)oc2c1)OCc1cc(-c2cccc(F)c2)n(-c2ccccc2)n1,inactive,43200.0,1,562.15,6.28,1,7,8,103.79,2,False
O=C(COc1cc(O)c2c(=O)cc(-c3ccccc3)oc2c1)OCc1cc(-c2cccc([N+](=O)[O-])c2)n(-c2ccccc2)n1,inactive,33760.0,1,589.15,6.05,1,9,9,146.93,2,False
O=C(COc1cc(O)c2c(=O)cc(-c3ccccc3)oc2c1)OCc1cc(-c2ccccc2)n(-c2ccccc2)n1,inactive,32930.0,1,544.16,6.14,1,7,8,103.79,2,False
O=C(COc1ccc(Cl)cc1Cl)N/N=C1/SCC(=O)N1Cc1ccccc1,inactive,95440.0,1,423.02,3.54,1,5,6,71.0,0,True
O=C(COc1ccc(Cl)cc1Cl)N/N=C1/SCC(=O)N1c1ccc(Br)cc1,inactive,134780.0,1,486.92,4.3,1,5,5,71.0,0,True
O=C(N/N=C/c1coc2ccccc2c1=O)c1ccccc1,inactive,405960.0,1,292.08,2.56,1,4,3,71.67,0,True
O=C(NCCc1c[nH]c2ccc(Cl)cc12)c1ccccc1Nc1ccccc1,active,580.0,1,389.13,5.54,3,2,6,56.92,1,False
O=C(NCCc1c[nH]c2ccc(O)cc12)c1ccccc1Nc1ccccc1,active,500.0,1,371.16,4.59,4,3,6,77.15,0,True
O=C(NCCc1c[nH]c2ccc(O)cc12)c1ccccc1O,active,800.0,1,296.12,2.55,4,3,4,85.35,0,True
O=C(NCCc1c[nH]c2ccccc12)c1cc(Cl)ccc1O,inactive,10370.0,1,314.08,3.5,3,2,4,65.12,0,True
O=C(NCCc1c[nH]c2ccccc12)c1cc2cc(Cl)ccc2n1Cc1ccc(F)cc1,active,406.6,1,445.14,5.94,2,1,6,49.82,1,False
O=C(NCCc1c[nH]c2ccccc12)c1ccc(O)cc1O,inactive,25000.0,1,296.12,2.55,4,3,4,85.35,0,True
O=C(NN1C(=O)c2ccccc2C1=O)c1ccccc1O,active,92.2,1,282.06,1.33,2,4,2,86.71,0,True
O=C(NNC(=S)Nc1ccc(Cl)c(Cl)c1)c1ccccc1O,active,8.0,1,354.99,3.33,4,3,2,73.39,0,True
O=C(NS(=O)(=O)c1ccc(Br)cc1)c1cccc(C(=O)NS(=O)(=O)c2ccc(Br)cc2)n1,inactive,35600.0,1,600.86,2.84,2,7,6,139.37,1,False
O=C(NS(=O)(=O)c1ccc(Br)cc1)c1cccnc1,inactive,40500.0,1,339.95,1.96,1,4,3,76.13,0,True
O=C(NS(=O)(=O)c1ccc(Br)cc1)c1ccncc1,inactive,38000.0,1,339.95,1.96,1,4,3,76.13,0,True
O=C(NS(=O)(=O)c1ccc(Br)cc1)c1cncc(C(=O)NS(=O)(=O)c2ccc(Br)cc2)c1,inactive,42500.0,1,600.86,2.84,2,7,6,139.37,1,False
O=C(NS(=O)(=O)c1ccc(Cl)cc1)c1cccc(C(=O)NS(=O)(=O)c2ccc(Cl)cc2)n1,inactive,41500.0,1,512.96,2.63,2,7,6,139.37,1,False
O=C(NS(=O)(=O)c1ccc(Cl)cc1)c1ccccn1,inactive,39700.0,1,296.0,1.85,1,4,3,76.13,0,True
O=C(NS(=O)(=O)c1ccc(Cl)cc1)c1cccnc1,inactive,35800.0,1,296.0,1.85,1,4,3,76.13,0,True
O=C(NS(=O)(=O)c1ccc(Cl)cc1)c1ccncc1,inactive,41200.0,1,296.0,1.85,1,4,3,76.13,0,True
O=C(NS(=O)(=O)c1ccc(Cl)cc1)c1cncc(C(=O)NS(=O)(=O)c2ccc(Cl)cc2)c1,inactive,29800.0,1,512.96,2.63,2,7,6,139.37,1,False
O=C(NS(=O)(=O)c1ccc(F)cc1)c1cccc(C(=O)NS(=O)(=O)c2ccc(F)cc2)n1,inactive,40300.0,1,481.02,1.6,2,7,6,139.37,0,True
O=C(NS(=O)(=O)c1ccc(F)cc1)c1ccccn1,inactive,43800.0,1,280.03,1.34,1,4,3,76.13,0,True
O=C(NS(=O)(=O)c1ccc(F)cc1)c1cncc(C(=O)NS(=O)(=O)c2ccc(F)cc2)c1,inactive,40200.0,1,481.02,1.6,2,7,6,139.37,0,True
O=C(NS(=O)(=O)c1ccccc1)c1cccc(C(=O)NS(=O)(=O)c2ccccc2)n1,inactive,35800.0,1,445.04,1.32,2,7,6,139.37,0,True
O=C(NS(=O)(=O)c1ccccc1)c1cncc(C(=O)NS(=O)(=O)c2ccccc2)c1,inactive,36900.0,1,445.04,1.32,2,7,6,139.37,0,True
O=C(Nc1ccc(-c2ccc(Cl)c(Cl)c2)cc1)C1=C(O)c2ccccc2S(=O)(=O)N1,inactive,118000.0,1,460.01,4.82,3,4,3,95.5,0,True
O=C(Nc1ccc(CCc2ccc(Cl)c(Cl)c2)cc1)C1=C(O)c2ccccc2S(=O)(=O)N1,inactive,489000.0,1,488.04,4.94,3,4,5,95.5,0,True
O=C(Nc1ccc(Cl)c(Cl)c1)c1cc(Cl)cc(Cl)c1O,active,666.0,1,348.92,5.26,2,2,2,49.33,1,False
O=C(O)/C=C/c1c(-c2ccc(CCc3ccccc3)cc2)c(-c2ccccc2)c2n1CCC2,inactive,10000.0,1,433.2,6.65,1,1,7,42.23,1,False
O=C(O)C1=Cc2c(Cl)cc(Cl)cc2OC1C(F)(F)F,inactive,145000.0,1,311.96,3.78,1,2,1,46.53,0,True
O=C(O)C1=Cc2c(Cl)ccc(Cl)c2OC1C(F)(F)F,inactive,11000.0,1,311.96,3.78,1,2,1,46.53,0,True
O=C(O)C1=Cc2c(cc(Cl)c(Cl)c2Cl)OC1C(F)(F)F,active,880.0,1,345.92,4.44,1,2,1,46.53,0,True
O=C(O)C1=Cc2c(ccc(Cl)c2-c2ccccc2)OC1C(F)(F)F,inactive,68400.0,1,354.03,4.8,1,2,2,46.53,0,True
O=C(O)C1=Cc2c(ccc(Cl)c2Oc2ccccc2)OC1C(F)(F)F,inactive,39800.0,1,370.02,4.92,1,3,3,55.76,0,True
O=C(O)C1=Cc2c(ccc(Cl)c2Sc2ccccc2)OC1C(F)(F)F,inactive,48900.0,1,386.0,5.28,1,3,3,46.53,1,False
O=C(O)C1=Cc2cc(Cl)c(Cl)cc2OC1C(F)(F)F,inactive,94500.0,1,311.96,3.78,1,2,1,46.53,0,True
O=C(O)C1=Cc2cc(Cl)cc(-c3ccc(Cl)cc3)c2OC1C(F)(F)F,active,242.0,1,387.99,5.45,1,2,2,46.53,1,False
O=C(O)C1=Cc2cc(Cl)cc(-c3ccc(F)cc3)c2OC1C(F)(F)F,active,740.0,1,372.02,4.94,1,2,2,46.53,0,True
O=C(O)C1=Cc2cc(Cl)cc(C#Cc3ccccc3)c2OC1C(F)(F)F,inactive,33000.0,1,378.03,4.53,1,2,1,46.53,0,True
O=C(O)C1=Cc2cc(Cl)cc(Cl)c2OC1C(F)(F)F,inactive,32000.0,3,311.96,3.78,1,2,1,46.53,0,True
O=C(O)C1=Cc2cc(Cl)cc(Cl)c2O[C@@H]1C(F)(F)F,active,690.0,1,311.96,3.78,1,2,1,46.53,0,True
O=C(O)C1=Cc2cc(Cl)ccc2OC1C(F)(F)F,inactive,29200.0,2,278.0,3.13,1,2,1,46.53,0,True
O=C(O)C1=Cc2cc(OC(F)(F)F)ccc2OC1C(F)(F)F,inactive,17000.0,1,328.02,3.38,1,3,2,55.76,0,True
O=C(O)C1=Cc2ccc(Cl)c(Cl)c2OC1C(F)(F)F,inactive,300000.0,1,311.96,3.78,1,2,1,46.53,0,True
O=C(O)CC1=C/C(=C\c2ccc(-c3ccccc3)cc2)c2ccc(F)cc21,active,300.0,1,356.12,5.91,1,1,4,37.3,1,False
O=C(O)CCc1nc(-c2ccccc2)c(-c2ccccc2)o1,active,856.0,3,293.11,4.03,1,3,5,63.33,0,True
O=C(O)C[C@@H]1C(=O)O[C@H]2[C@@H]3OC(=O)c4cc(O)c(O)c(O)c4-c4ccccc4C(=O)OC[C@H]2O[C@@H](OC(=O)c2cc(O)c(O)c(O)c2)[C@@H]3OC(=O)c2cc(O)c(O)c3c2[C@H]1[C@H](O)C(=O)O3,inactive,15000.0,1,906.11,0.88,10,23,4,386.4,3,False
O=C(O)Cc1ccc(-c2ccccc2)cc1,active,894.0,1,212.08,2.98,1,1,3,37.3,0,True
O=C(O)Cc1ccccc1Nc1c(Cl)cccc1Cl,active,14.0,14,295.02,4.36,2,2,4,49.33,0,True
O=C(O)Cc1cccn1-c1ccccc1F,inactive,19800.0,1,219.07,2.24,1,1,3,42.23,0,True
O=C(O)Cc1ccn(-c2ccccc2F)c1,inactive,10600.0,1,219.07,2.24,1,1,3,42.23,0,True
O=C(O)[C@H]1O[C@@H](Oc2c(-c3cc(O)c(O)c(O)c3)oc3cc(O)cc(O)c3c2=O)[C@H](O)[C@@H](O)[C@@H]1O,inactive,10000.0,1,494.07,-0.74,9,13,4,247.81,2,False
O=C(O)c1ccc(-n2nc(-c3ccco3)cc2-n2cc(CNc3ccc([N+](=O)[O-])c4nonc34)nn2)cc1,active,900.0,1,513.11,3.47,2,11,8,193.06,2,False
O=C(O)c1cccc(Nc2ccc([N+](=O)[O-])cc2)c1,inactive,30760.0,2,258.06,3.04,2,4,4,92.47,0,True
O=C(O)c1ccccc1Nc1ccc(S(F)(F)(F)(F)F)cc1,inactive,22000.0,1,339.04,5.79,2,2,4,49.33,1,False
O=C(O)c1ccccc1O,inactive,500000.0,1,138.03,1.09,2,2,1,57.53,0,True
O=C(OCCc1ccc(N=C=S)cc1)c1ccc(F)cc1,inactive,64560.0,1,301.06,3.96,0,4,5,38.66,0,True
O=C(OCc1c(-c2ccccc2)no[n+]1[O-])c1nc(CCl)n(-c2cccc(F)c2)n1,inactive,50000.0,1,429.06,2.79,0,7,6,109.98,0,True
O=C(OCc1c(-c2ccccc2)no[n+]1[O-])c1nc(CCl)n(-c2ccccc2)n1,inactive,19700.0,1,411.07,2.65,0,7,6,109.98,0,True
O=C(c1cc2cc(Cl)ccc2n1Cc1ccc(F)cc1)N1CCN(c2ccccc2)CC1,active,195.0,1,447.15,5.44,0,2,4,28.48,1,False
O=C(c1ccccc1)c1ccc2n1CCC2C(=O)O,active,621.5,2,255.09,2.29,1,2,3,59.3,0,True
O=C(c1ccccc1)c1ccc2n1CC[C@@H]2C(=O)O,active,460.0,1,255.09,2.29,1,2,3,59.3,0,True
O=C(c1ccccc1O)n1nc(Nc2ccccc2)cc1-c1ccccc1O,active,70.4,1,371.13,4.39,3,5,4,87.38,0,True
O=C(c1nn(Cc2ccc(F)cc2)c2ccccc12)N1CCN(c2ncccn2)CC1,active,865.5,1,416.18,2.98,0,5,4,67.15,0,True
O=C1C(CC[S+]([O-])c2ccccc2)C(=O)N(c2ccccc2)N1c1ccccc1,inactive,509100.0,1,404.12,3.8,0,3,6,63.68,0,True
O=C1CCC(/C=C/c2cccnc2)=NN1,active,750.0,1,201.09,1.36,1,3,2,54.35,0,True
O=C1CNCS1,inactive,540000.0,1,103.01,-0.19,1,3,0,29.1,0,True
O=C1CSC(N2N=C(c3ccc(Cl)c(Cl)c3)CC2c2ccc(Br)cc2)=N1,inactive,48500.0,1,466.93,5.54,0,4,2,45.03,1,False
O=C1CSC(N2N=C(c3ccc(Cl)c(Cl)c3)CC2c2ccc(Cl)cc2)=N1,inactive,37700.0,1,422.98,5.43,0,4,2,45.03,1,False
O=C1CSC(N2N=C(c3ccc(Cl)c(Cl)c3)CC2c2ccc(F)cc2)=N1,inactive,34300.0,1,407.01,4.91,0,4,2,45.03,0,True
O=C1CSC(N2N=C(c3ccc(Cl)c(Cl)c3)CC2c2ccccc2)=N1,inactive,33200.0,1,389.02,4.77,0,4,2,45.03,0,True
O=C1CSC(N2N=C(c3ccc(Cl)c(Cl)c3)CC2c2ccccc2Cl)=N1,inactive,40200.0,1,422.98,5.43,0,4,2,45.03,1,False
O=C1NN=C(/N=C/c2ccc(Cl)cc2)C1c1ccc(Cl)nn1,inactive,18000.0,1,333.02,2.43,1,5,2,79.6,0,True
O=C1NN=C(/N=C/c2cccc(O)c2)C1c1ccc(Cl)nn1,inactive,20110.0,1,315.05,1.48,2,6,2,99.83,0,True
O=C1S/C(=C\c2c[nH]c3ccccc23)C(=O)N1c1csc(Nc2ccccc2)n1,inactive,33410.0,1,418.06,5.61,2,6,4,78.09,1,False
O=C1S/C(=C\c2ccccc2)C(=O)N1c1csc(Nc2ccccc2)n1,inactive,29310.0,1,379.04,5.13,1,6,4,62.3,1,False
O=C1c2c(O)cc(O)cc2O[C@H](c2ccc(O)cc2O)[C@H]1O,inactive,67100.0,1,304.06,1.19,5,7,1,127.45,0,True
O=Cc1ccc(-c2ccsc2-c2ccc(F)cc2)cc1,active,980.0,1,282.05,5.03,0,2,3,17.07,1,False
O=Cc1ccc2c(c1)C=C(C(=O)O)C(C(F)(F)F)O2,inactive,500000.0,1,272.03,2.29,1,3,2,63.6,0,True
O=S(=O)(C1CC1)N(c1ccncc1Nc1ccccc1)S(=O)(=O)C1CC1,inactive,19620.0,1,393.08,2.62,1,6,7,96.44,0,True
O=S(=O)(Nc1ccncc1NC1CCCCC1)C(F)(F)F,active,80.0,1,323.09,3.09,2,4,4,71.09,0,True
O=S(=O)(Nc1ccncc1NC1CCCCCC1)C(F)(F)F,active,760.0,1,337.11,3.48,2,4,4,71.09,0,True
O=S(=O)(Nc1ccncc1Nc1ccc(F)cc1)C(F)(F)F,active,270.0,1,335.04,3.23,2,4,4,71.09,0,True
O=S(=O)(Nc1ccncc1Nc1ccc(O)cc1)C(F)(F)F,inactive,18140.0,1,333.04,2.79,3,5,4,91.32,0,True
O=S(=O)(Nc1ccncc1Nc1cccc(Br)c1)C(F)(F)F,active,910.0,2,394.96,3.85,2,4,4,71.09,0,True
O=S(=O)(Nc1ccncc1Nc1cccc(F)c1)C(F)(F)F,active,440.0,1,335.04,3.23,2,4,4,71.09,0,True
O=S(=O)(Nc1ccncc1Nc1ccccc1)C(F)(F)F,active,180.0,3,317.04,3.09,2,4,4,71.09,0,True
O=S(=O)(Nc1ccncc1Nc1ccccc1Cl)C(F)(F)F,active,190.0,1,351.01,3.74,2,4,4,71.09,0,True
O=S(=O)(Nc1ccncc1Oc1ccc(Br)cc1)C(F)(F)F,active,240.0,1,395.94,3.9,1,4,4,68.29,0,True
O=S(=O)(Nc1ccncc1Oc1ccc(Cl)cc1)C(F)(F)F,active,360.0,1,351.99,3.79,1,4,4,68.29,0,True
O=S(=O)(Nc1ccncc1Oc1ccccc1)C(F)(F)F,active,140.0,4,318.03,3.14,1,4,4,68.29,0,True
O=S(=O)(Nc1ccncc1Oc1ccccc1Cl)C(F)(F)F,active,270.0,1,351.99,3.79,1,4,4,68.29,0,True
O=S(=O)(Nc1ccncc1Sc1ccccc1)C(F)(F)F,active,410.0,1,334.01,3.49,1,4,4,59.06,0,True
O=S(=O)(Nc1ccncc1[S+]([O-])c1ccccc1)C(F)(F)F,inactive,25610.0,1,350.0,2.51,1,4,4,82.12,0,True
O=S(=O)(c1ccccc1)N1N=C(C(F)(F)F)CC1c1ccc2c(c1)OCCO2,inactive,105600.0,1,412.07,3.51,0,5,3,68.2,0,True
O=S(=O)(c1ccccc1)N1N=C(C(F)(F)F)CC1c1ccc2c(c1)OCO2,inactive,14110.0,1,398.05,3.47,0,5,3,68.2,0,True
O=S(=O)(c1ccccc1)N1N=C(C(F)(F)F)CC1c1cccc2c1OCCO2,inactive,100300.0,1,412.07,3.51,0,5,3,68.2,0,True
O=S(=O)(c1ccccc1)N1N=C(C(F)(F)F)CC1c1cccc2ccccc12,inactive,17640.0,1,404.08,4.89,0,3,3,49.74,0,True
O=[N+]([O-])c1cc(/C=C/c2cc(O)cc(O)c2)ccc1O,inactive,19800.0,1,273.06,2.88,3,5,3,103.83,0,True
O=[N+]([O-])c1ccc(-n2cc(CSc3nc4ccccc4o3)nn2)cc1,inactive,115230.0,1,353.06,3.61,0,7,5,99.88,0,True
O=[N+]([O-])c1ccc(Oc2ccc(OCCN3CCCC3)cc2)cc1,inactive,20400.0,1,328.14,3.86,0,5,7,64.84,0,True
O=[N+]([O-])c1cccc(-n2cc(CSc3nc4ccccc4o3)nn2)c1,inactive,103520.0,1,353.06,3.61,0,7,5,99.88,0,True
O=[N+]([O-])c1ccccc1Oc1ccc(OCCN2CCCC2)cc1,inactive,61000.0,1,328.14,3.86,0,5,7,64.84,0,True
O=c1[nH]n2c(=O)c3ccccc3nc2/c1=C/c1ccc(Br)cc1,active,667.6,1,367.0,1.85,1,3,1,67.23,0,True
O=c1c(-c2ccc(O)cc2)coc2cc(O)cc(O)c12,inactive,80000.0,1,270.05,2.58,3,5,1,90.9,0,True
O=c1c2ccccc2c(S(=O)(=O)c2ccccc2)c(O)n1Cc1ccccc1,active,730.0,1,391.09,3.59,1,4,4,76.37,0,True
O=c1cc(-c2ccc(O)cc2O)oc2cc(O)cc(O)c12,inactive,14000.0,1,286.05,2.28,4,6,1,111.13,0,True
O=c1ccc2cc(O)c(O)cc2o1,inactive,57000.0,1,178.03,1.2,2,4,0,70.67,0,True
O=c1ccc2ccc(O)c(O)c2o1,inactive,140000.0,1,178.03,1.2,2,4,0,70.67,0,True
O=c1oc2c(O)cc(O)cc2cc1-c1cc(O)cc(O)c1,inactive,285000.0,1,286.05,2.28,4,6,1,111.13,0,True
O=c1oc2cc(O)ccc2cc1-c1cc(O)cc(O)c1,inactive,62300.0,1,270.05,2.58,3,5,1,90.9,0,True
O=c1oc2ccc(Cl)cc2n1Cc1cn(-c2ccc(Cl)cc2)nn1,inactive,111340.0,1,360.02,3.53,0,4,3,65.85,0,True
O=c1oc2ccc(Cl)cc2n1Cc1cn(-c2ccccc2F)nn1,inactive,138250.0,1,344.05,3.02,0,4,3,65.85,0,True
O=c1oc2ccc(O)cc2cc1-c1cc(O)cc(O)c1,inactive,30100.0,1,270.05,2.58,3,5,1,90.9,0,True
OCCc1ccc(N=C=S)cc1,inactive,52230.0,1,179.04,1.96,1,3,3,32.59,0,True
OC[C@H]1O[C@@H](OCCc2ccc(O)cc2)[C@H](O)[C@@H](O)[C@@H]1O,inactive,72000.0,1,300.12,-1.25,5,7,5,119.61,0,True
OCc1ccc(-c2ccsc2-c2ccc(F)cc2)cc1,active,350.0,1,284.07,4.71,1,2,3,20.23,0,True
Oc1cc(O)c2c(c1)O[C@H](c1cc(O)c(O)c(O)c1)[C@@H](O)C2,inactive,95000.0,1,306.07,1.25,6,7,1,130.61,1,False
Oc1cc(O)c2c(c1)O[C@H](c1ccc(O)c(O)c1)[C@@H](O)C2,inactive,58350.0,2,290.08,1.55,5,6,1,110.38,0,True
Oc1cc(O)c2cc(O)c(-c3ccc(O)c(O)c3)[o+]c2c1,inactive,90000000.0,2,287.06,2.91,5,5,1,112.45,0,True
Oc1cc(O)cc(-c2cc3ccc(O)cc3o2)c1,active,500.0,1,242.06,3.22,3,4,1,73.83,0,True
Oc1cc(O)cc(/C=C/c2ccc(C(F)(F)F)cc2)c1,inactive,29700.0,1,280.07,4.29,2,2,2,40.46,0,True
Oc1cc(O)cc(/C=C/c2ccc(F)cc2)c1,inactive,51300.0,1,230.07,3.41,2,2,2,40.46,0,True
Oc1cc(O)cc(/C=C/c2ccc3ccccc3c2)c1,inactive,18400.0,1,262.1,4.42,2,2,2,40.46,0,True
Oc1cc(O)cc(/C=C/c2cccc(F)c2)c1,inactive,16500.0,1,230.07,3.41,2,2,2,40.46,0,True
Oc1ccc(-c2cn(-c3ccc(O)cc3)c(-c3ccc(O)cc3)n2)cc1,inactive,12200.0,1,344.12,4.32,3,4,3,78.51,0,True
Oc1ccc(/C=C/c2cc(O)c(I)c(O)c2)cc1,inactive,21300.0,1,353.98,3.58,3,3,2,60.69,0,True
Oc1ccc(/C=C/c2cccc(F)c2)cc1O,inactive,11500.0,1,230.07,3.41,2,2,2,40.46,0,True
Oc1ccc(C2=Cc3cc(O)cc(O)c3[C@@H](c3cc(O)cc(O)c3)[C@@H]2c2ccc(O)cc2)cc1,inactive,47000.0,1,454.14,5.39,6,6,3,121.38,2,False
Oc1ccc([C@@H]2c3c(O)cc(O)cc3[C@H]3[C@H](c4ccc(O)cc4)c4c(O)cc(O)cc4[C@@H]23)cc1,inactive,50000.0,1,454.14,5.08,6,6,2,121.38,2,False
Oc1ccc([C@H]2Oc3c(c(O)cc(O)c3[C@H]3c4c(O)cc(O)cc4O[C@H](c4ccc(O)c(O)c4)[C@@H]3O)C[C@H]2O)cc1,inactive,78000.0,1,562.15,3.29,9,11,3,200.53,3,False
Oc1ccc([C@H]2Oc3cc(O)cc(O)c3C[C@H]2O)cc1,inactive,10700.0,2,274.08,1.84,4,5,1,90.15,0,True
Oc1ccc([C@H]2Oc3ccc(/C=C/c4cc(O)cc(O)c4)cc3[C@@H]2c2cc(O)cc(O)c2)cc1,inactive,15150.0,2,454.14,5.65,5,6,4,110.38,1,False
Oc1cccc(N2[C@@H]3CC[C@H]2CN(CCCc2ccccc2)C3)c1,active,480.0,1,322.2,3.68,1,3,5,26.71,0,True
S=c1nc(-c2ccccc2)cc(-c2cn(-c3ccccc3)nc2-c2ccc(OCc3ccccc3)cc2)[nH]1,active,310.0,1,512.17,7.9,1,4,7,55.73,2,False
Sc1ncnc2nc[nH]c12,inactive,16242.0,1,152.02,0.64,2,4,0,54.46,0,True
[11CH3]Oc1ccc(-c2c(-c3ccc(S(N)(=O)=O)cc3)[nH]c3ccccc23)cc1,inactive,10000.0,1,377.12,4.16,2,3,4,85.18,0,True
[11CH3]Oc1ccc(-c2cnc(Cl)n2-c2ccc(S(N)(=O)=O)cc2)cc1F,inactive,10000.0,1,380.05,2.99,1,4,4,87.21,0,True
[11CH3]S(=O)(=O)c1ccc(C2=C(c3ccccc3)C(=O)OC2)cc1,inactive,50000.0,1,313.07,2.56,0,4,3,60.44,0,True
[2H]C([2H])([18F])Oc1nc(-c2ccc(OC)cc2)n(-c2ccc(OC)cc2)n1,active,4.0,1,330.13,3.26,0,5,6,58.4,0,True
[N-]=[N+]=Nc1cc(-c2ccco2)nn1-c1ccc(C(=O)O)cc1,active,400.0,1,295.07,3.77,1,4,4,117.02,0,True
[N-]=[N+]=Nc1ccc(C2=C(c3ccccc3)C(=O)OC2)cc1,inactive,159720.0,1,277.09,4.1,0,3,3,75.06,0,True
c1ccc(-c2nn(-c3ccccc3)c3c2CCCC3)cc1,active,490.0,1,274.15,4.42,0,1,2,17.82,0,True
c1ccc(-c2nn(-c3ccccc3)c3c2CCCCC3)cc1,active,120.0,1,288.16,4.81,0,1,2,17.82,0,True
c1ccc(-n2cc(CSc3nc4ccccc4o3)nn2)cc1,inactive,107250.0,1,308.07,3.7,0,5,4,56.74,0,True
c1ccc(Nc2ccc(Nc3ccccc3)cc2)cc1,active,260.0,1,260.13,5.17,2,2,4,24.06,1,False
c1ccc([C@H]2C(Cn3c4ccccc4c4ccccc43)=NO[C@@H]3CCCC[C@H]23)cc1,inactive,59900.0,1,394.2,6.52,0,2,3,26.52,1,False
c1ccc2c(c1)Nc1ccccc1S2,active,196.0,1,199.05,3.89,1,2,0,12.03,0,True
c1cncc(-n2cc(CSc3nc4ccccc4o3)nn2)c1,inactive,96560.0,1,309.07,3.1,0,6,4,69.63,0,True
